text|label
Ja też, bym nabarziej chciała,|kochanowski
Trudno bym się zdobyć miała|kochanowski
Na lepszą myśl; bo po tobie|kochanowski
Serce zawżdy teskni sobie.|kochanowski
Wolałabym też tym czasem|kochanowski
Gdziekolwiek pod gęstym lasem|kochanowski
Użyć z tobą towarzystwa,|kochanowski
Pomogę ja i myślistwa.|kochanowski
Czego miłość nie przywyknie?|kochanowski
Już ja trafię, gdy pies krzyknie,|kochanowski
Gdzie zajeżdżać zającowi|kochanowski
Mając charty pogotowi.|kochanowski
Pracowite woły moje,|kochanowski
Przy tym lesie chłodne zdroje|kochanowski
I łąka nieprzepasiona,|kochanowski
Kosą nigdy nie sieczona.|kochanowski
Tu wasza dziś pasza będzie;|kochanowski
A ja, mając oko wszędzie,|kochanowski
Będę nad wami siedziała|kochanowski
I tymczasem kwiatki rwała.|kochanowski
Kwiatki barwy rozmaitej,|kochanowski
Które na łubce obszytej|kochanowski
Usadzę w nadobne koło|kochanowski
I włożę na swoje czoło.|kochanowski
Tak dziewka, jako młodzieniec,|kochanowski
Nie proś mię nikt o mój wieniec!|kochanowski
Samam go swą ręką wiła,|kochanowski
Sama go będę nosiła.|kochanowski
Owa u ciebie, mój miły,|kochanowski
Me prośby ważne nie były;|kochanowski
Próznom ja łzy wylewała|kochanowski
I żałosnie narzekała. |kochanowski
Przedsięś ty w swą drogę jechał,|kochanowski
A mnieś, nieszczęsnej, zaniechał|kochanowski
W ciężkim żalu, w którym muszę|kochanowski
Wiecznie trapić moję duszę.|kochanowski
Bodaj wszytkich mąk skosztował,|kochanowski
Kto naprzód wojsko szykował|kochanowski
I wynalazł swoją głową|kochanowski
Strzelbę srogą, piorunową.|kochanowski
Jakie ludzkie głupie sprawy:|kochanowski
Szukać śmierci przez bój krwawy!|kochanowski
A ona i tak człowieczy|kochanowski
Upad ma na dobrej pieczy.|kochanowski
Skrzypku, by w tej pięknej rocie|kochanowski
Usłyszeć co o Dorocie,|kochanowski
Weźmi gęśle, jakoć miła,|kochanowski
A zagraj nie myśląc siła!|kochanowski
Nieprzepłacona Doroto,|kochanowski
Co między pieniędzmi złoto,|kochanowski
Co miesiąc między gwiazdami,|kochanowski
Toś ty jest między dziewkami!|kochanowski
Twoja kosa rozczosana|kochanowski
Jako brzoza przyodziana;|kochanowski
Twarz jako kwiatki mieszane|kochanowski
Lelijowe i różane.|kochanowski
Nos jako sznur upleciony,|kochanowski
Czoło jak marmór gładzony;|kochanowski
Brwi wyniosłe i czarnawe,|kochanowski
A oczy dwa węgla prawe.|kochanowski
Wsi spokojna, wsi wesoła,|kochanowski
Który głos twej chwale zdoła?|kochanowski
Kto twe wczasy, kto pożytki|kochanowski
Może wspomnieć za raz wszytki?|kochanowski
Człowiek w twej pieczy uczciwie|kochanowski
Bez wszelakiej lichwy żywię;|kochanowski
Pobożne jego staranie|kochanowski
I bezpieczne nabywanie.|kochanowski
Inszy się ciągną przy dworze|kochanowski
Albo żeglują przez morze,|kochanowski
Gdzie człowieka wicher pędzi,|kochanowski
A śmierć bliżej niż na piędzi.|kochanowski
Najdziesz, kto w płat język dawa,|kochanowski
A radę na funt przedawa,|kochanowski
Krwią drudzy zysk oblewają,|kochanowski
Gardła na to odważają.|kochanowski
Gdy słońce Raka zagrzewa,|kochanowski
A słowik więcej nie spiewa,|kochanowski
Sobótkę, jako czas niesie,|kochanowski
Zapalono w Czarnym Lesie.|kochanowski
Tam goście, tam i domowi|kochanowski
Sypali się ku ogniowi;|kochanowski
Bąki za raz troje grały|kochanowski
A sady się sprzeciwiały.|kochanowski
Siedli wszyscy na murawie;|kochanowski
Potym wstało sześć par prawie|kochanowski
Dziewek jednako ubranych|kochanowski
I belicą przepasanych.|kochanowski
Wszytki spiewać nauczone,|kochanowski
W tańcu także niezganione;|kochanowski
Więc koleją zaczynały,|kochanowski
A pierwszej tak począć dały:|kochanowski
Siostry, ogień napalono|kochanowski
I placu nam postąpiono;|kochanowski
Czemu sobie rąk nie damy,|kochanowski
A społem nie zaspiewamy?|kochanowski
Piękna nocy, życz pogody,|kochanowski
Broń wiatrów i nagłej wody;|kochanowski
Dziś przyszedł czas, że na dworze|kochanowski
Mamy czekać ranej zorze.|kochanowski
Tak to matki nam podały,|kochanowski
Samy także z drugich miały,|kochanowski
Że na dzień świętego Jana|kochanowski
Zawżdy sobótka palana.|kochanowski
Dzieci, rady mej słuchajcie,|kochanowski
Ojcowski rząd zachowajcie:|kochanowski
Święto niechaj świętem będzie,|kochanowski
Tak bywało przed tym wszędzie.|kochanowski
Święta przed tym ludzie czcili,|kochanowski
A przedsię wszytko zrobili;|kochanowski
A ziemia hojnie rodziła,|kochanowski
Bo pobożność Bogu miła.|kochanowski
Dziś bez przestanku pracujem|kochanowski
I dniom świętym nie folgujem:|kochanowski
Więc też tylko zarabiamy,|kochanowski
Ale przedsię nic nie mamy.|kochanowski
Albo nas grady porażą,|kochanowski
Albo zbytnie ciepła każą;|kochanowski
Co rok słabsze urodzaje,|kochanowski
A zła drogość za tym wstaje.|kochanowski
Pracuj we dnie, pracuj w nocy,|kochanowski
Prózno bez Pańskiej pomocy;|kochanowski
Boga, dzieci, Boga trzeba,|kochanowski
Kto chce syt być swego chleba.|kochanowski
Na tego my wszytko włóżmy,|kochanowski
A z sobą sami nie trwóżmy;|kochanowski
Wrócąć się i dobre lata,|kochanowski
Jeszczeć nie tu koniec świata.|kochanowski
A teraz ten wieczór sławny|kochanowski
Święćmy jako zwyczaj dawny,|kochanowski
Niecąc ognie do świtania,|kochanowski
Nie bez pieśni, nie bez grania!|kochanowski
Gorące dni nastawają,|kochanowski
Suche role się padają;|kochanowski
Polny świercz, co głosu sstaje,|kochanowski
Gwałtownemu słońcu łaje. |kochanowski
Już mdłe bydło szuka cienia|kochanowski
I ciekącego strumienia,|kochanowski
I pasterze, chodząc za niem,|kochanowski
Budzą lasy swoim graniem.|kochanowski
Żyto się w polu dostawa|kochanowski
I swoją barwą znać dawa,|kochanowski
Iż już niedaleko żniwo:|kochanowski
Miej się do sierpa co żywo!|kochanowski
Sierpa trzeba oziminie,|kochanowski
Kosa się zejdzie jarzynie;|kochanowski
A wy, młodszy, noście snopy,|kochanowski
Drudzy układajcie w kopy!|kochanowski
Gospodarzu nasz wybrany,|kochanowski
Ty masz mieć wieniec kłosiany,|kochanowski
Gdy w ostatek zboża zatnie|kochanowski
Krzywa kosa już ostatnie.|kochanowski
A kiedy z pola zbierzemy,|kochanowski
Tam dopiero odpoczniemy|kochanowski
Dołożywszy z wierzchem broga;|kochanowski
Już więc, dzieci, jedno Boga!|kochanowski
Wtenczas, gościu, bywaj u mnie,|kochanowski
Kiedy wszystko najdziesz w gumnie,|kochanowski
A jesli ty rad odkładasz,|kochanowski
Mnie do siebie drogę zadasz.|kochanowski
Zwierzęć się, gromado moja,|kochanowski
Nie mam przed Szymkiem pokoja!|kochanowski
Za trzewik mi zastępuje,|kochanowski
A powiada, że miłuje. |kochanowski
Szymku, by to prawda była,|kochanowski
Dobrze bych Bogu służyła;|kochanowski
Ale ty rad z ludzi szydzisz,|kochanowski
Zwłaszcza gdy prostaka widzisz.|kochanowski
Tobie to wolno samemu,|kochanowski
Ale, wierę, nie inszemu;|kochanowski
Bo ty z tym nadobnie umiesz,|kochanowski
A gdzie kogo tknąć, rozumiesz.|kochanowski
I któraż by nie szła rada|kochanowski
Za tak gładkiego sąsiada?|kochanowski
Podajże jej kęs nadzieje,|kochanowski
Alić się już moja śmieje.|kochanowski
I samam tak głupią była,|kochanowski
Żem ci też kiedy wierzyła;|kochanowski
Dziś już nic i pókim żywa,|kochanowski
Znam cię, ziółko, żeś pokrzywa.|kochanowski
Ze mną sobie rzecz najdujesz,|kochanowski
Drugiej nogę przystępujesz;|kochanowski
Odpuść mi: silnyś przechyra,|kochanowski
A ja z takim nie mam mira.|kochanowski
Nie sprawujże się przez miarę,|kochanowski
Boć zaś ludzie dadzą wiarę;|kochanowski
A mało sobie poprawisz,|kochanowski
Że mię w nieprawdzie zostawisz. |kochanowski
Ja śpiewam, a żal zakryty|kochanowski
Mnoży we mnie płacz obfity.|kochanowski
Spiewa więzień okowany|kochanowski
Tając na czas wnętrznej rany. |kochanowski
Spiewa żeglarz w cudze strony|kochanowski
Nagłym wiatrem zaniesiony;|kochanowski
I oracz ubogi spiewa,|kochanowski
Choć od pracej aż omdlewa.|kochanowski
Spiewa słowik na topoli,|kochanowski
A w sercu go przedsię boli|kochanowski
Dawna krzywda; mocny Boże,|kochanowski
Iż z człowieka ptak być może!|kochanowski
Nadobnać to dziewka była,|kochanowski
Póki między ludźmi żyła;|kochanowski
Toż niebodze zawadziło,|kochanowski
Bo każdemu piękne miło.|kochanowski
Zły a niewierny pohańcze,|kochanowski
Zbójca własny, nie posłańcze!|kochanowski
Miawszy odnieść siostrę żenie|kochanowski
Zawiodłeś ją w leśne cienie.|kochanowski
Próznoś jej język urzynał,|kochanowski
Bo wszytko, coś z nią poczynał,|kochanowski
Krwią na rąbku wypisała|kochanowski
I smutnej siestrze posłała.|kochanowski
Nie wymyślaj przyczyn sobie,|kochanowski
Pewnać już sprawa o tobie;|kochanowski
Nie składaj nic na źwierz chciwy,|kochanowski
Umysł twój krzyw niecnotliwy.|kochanowski
Siadaj za stół, jesliś głodzien,|kochanowski
Nakarmią cię, czegoś godzien;|kochanowski
Już ci żona warzy syna,|kochanowski
Nieprzejednanać to wina.|kochanowski
Nie wiesz, królu, nie wiesz, jaki|kochanowski
Obiad i co za przysmaki|kochanowski
Na twym stole; ach, łakomy,|kochanowski
Swe ciało jesz, niewiadomy!|kochanowski
A gdy go tak uraczono,|kochanowski
Głowę na wet przyniesiono;|kochanowski
Temu czasza z rąk wypadła,|kochanowski
Język zmilknął, a twarz zbladła.|kochanowski
A żona powstawszy z ławy:|kochanowski
Coć się zdadzą te potrawy?|kochanowski
To za twą niecnotę tobie,|kochanowski
Zdrajca mój, synowski grobie!|kochanowski
Porwie się mąż ku niej zatym,|kochanowski
Alić nasz dudkiem czubatym;|kochanowski
Sama się w jaskółkę wdała,|kochanowski
Oknem, łając, poleciała.|kochanowski
A ona niewinna córa|kochanowski
Obrosła w słowicze pióra;|kochanowski
I dziś wdzięcznym głosem cieszy,|kochanowski
Kto się kolwiek w drogę śpieszy.|kochanowski
Chwała Bogu, że te kraje|kochanowski
Niosą insze obyczaje,|kochanowski
Ani w Polszcze jako żywy|kochanowski
Zjawiły się takie dziwy.|kochanowski
Jednak ja mam, co mię boli;|kochanowski
A by dziś nie ludziom k’woli,|kochanowski
Co spiewam, płakać bych miała,|kochanowski
Acz me pieśni płacz bez mała. |kochanowski
Komum ja kwiateczki rwała,|kochanowski
A ten wianek gotowała?|kochanowski
Tobie, miły, nie inszemu,|kochanowski
Któryś sam mił sercu memu.  |kochanowski
Włóż na piękną głowę twoję|kochanowski
Tę rozkwitłą pracą moję;|kochanowski
A mnie samę na sercu miej,|kochanowski
Toż i o mnie sam rozumiej. |kochanowski
Żadna chwila ta nie była,|kochanowski
Żebych cię z myśli spuściła;|kochanowski
I sen mię prace nie zbawi,|kochanowski
Spię, a myślę, by na jawi. |kochanowski
Tę nadzieję mam o tobie,|kochanowski
Że mię też masz za co sobie:|kochanowski
Ani wzgardzisz chucią moją,|kochanowski
Ale mi ją oddasz swoją. |kochanowski
Tego zataić nie mogę,|kochanowski
Co mi w sercu czyni trwogę;|kochanowski
Wszytki tu wzrok ostry mają|kochanowski
I co piękne, dobrze znają. |kochanowski
Prze Bóg, siostry, o to proszę,|kochanowski
Niech tej krzywdy nie odnoszę,|kochanowski
By mię która w to tknąć miała,|kochanowski
O com się ja utroskała. |kochanowski
O wszelaką inszą szkodę|kochanowski
Łacno przyzwolę na zgodę;|kochanowski
Ale kto mię w miłość ruszy,|kochanowski
Wiecznie będzie krzyw mej duszy! |kochanowski
Za mną, za mną, piękne koło,|kochanowski
Opiewając mi wesoło!|kochanowski
Czuję się, że moja kolej,|kochanowski
A ja nie mam wydać wolej. |kochanowski
Sam ze wszytkiego stworzenia|kochanowski
Człowiek ma śmiech z przyrodzenia;|kochanowski
Inszy wszelaki źwierz niemy|kochanowski
Nie śmieje się, jako chcemy. |kochanowski
Nie ma w swym szaleństwie miary,|kochanowski
Kto gardzi Pańskimi dary;|kochanowski
A bodaj miał płakać siła,|kochanowski
Komu dobra myśl niemiła. |kochanowski
Śmiejmy się! Czy nie masz czemu?|kochanowski
Śmiejże się przynamniej temu,|kochanowski
Że, nie mówiąc nic trefnego,|kochanowski
Chcę po was śmiechu śmiesznego. |kochanowski
Wystąp’ ty, coś ciągnął kota,|kochanowski
A puść się na chwilę płota!|kochanowski
Uchowa cię dziś Bóg szkody,|kochanowski
Bo tu opodal do wody. |kochanowski
Ciągnie go drugi na suszy,|kochanowski
Tobie trzeba aż po uszy;|kochanowski
Nieboże mój, kto cię zbłaźnił,|kochanowski
Żeś tak srogie źwierzę draźnił? |kochanowski
Nie znasz ludzi, co przed kotem|kochanowski
Pierzchają nawiętszym błotem?|kochanowski
A na jego głos straszliwy|kochanowski
Ledwe drugi będzie żywy. |kochanowski
Głaszcz na nim, jako chcesz, skórę,|kochanowski
On przedsię ogonem wzgórę;|kochanowski
Zły z nim pokój, gorsza zwada;|kochanowski
Jeszcze i dziś strach sąsiada. |kochanowski
Czasem też i z dachu spadnie,|kochanowski
A przedsię na nogi padnie;|kochanowski
I chłop foremniejszy bywa,|kochanowski
Gdzie kot we łbie przemieszkiwa. |kochanowski
A to jako w nim szacować,|kochanowski
Że umie i praktykować?|kochanowski
A to tak wieszcza bestyja,|kochanowski
Że się zawżdy na deszcz myja. |kochanowski
Więc łowiec niepospolity|kochanowski
A w swych sprawach dziwnie skryty.|kochanowski
K’temu rzadko uśnie w nocy,|kochanowski
Ale ufa zawżdy mocy. |kochanowski
Kocie, wszytko to do czasu,|kochanowski
Strzeż wilka wyszczekać z lasu:|kochanowski
A może być i w tym stadzie,|kochanowski
Co już myśli o zakładzie.  |kochanowski
Kto mi dał skrzydła, kto mię odział pióry|kochanowski
I tak wysoko postawił, że z góry|kochanowski
Wszystek świat widzę, a sam, jako trzeba,|kochanowski
Tykam się nieba? |kochanowski
To li jest ogień on nieugaszony|kochanowski
Złotego słońca, które, nieskończony|kochanowski
Bieg bieżąc, wrotne od początku świata|kochanowski
Prowadzi lata? |kochanowski
To li jest on krąg odmiennej światłości,|kochanowski
Wódz gwiazd roźlicznych i sprawca żyzności?|kochanowski
Słyszę głos wdzięczny: prze Bóg, a na jawi,|kochanowski
Czy mię sen bawi? |kochanowski
Tu, widzę, ani ciemne mgły dochodzą,|kochanowski
Ani śnieg, ani zimne grady szkodzą;|kochanowski
Wieczna pogoda, dzień na wszystki strony|kochanowski
Trwa nieskończony. |kochanowski
Godne pałace Twojej wielmożności,|kochanowski
Panie, a jakiej cnota dostojności,|kochanowski
Widzę na oko, bowiem wedle Ciebie|kochanowski
Ma miejsce w niebie. |kochanowski
Kto by cię nie znał, Lechu Słowianinie,|kochanowski
Któryś napierwej zasiadł w tej krainie|kochanowski
I opanował męstwem swoim mocne|kochanowski
Brzegi północne? |kochanowski
Kroka patrz, jako siedząc tak wysoko,|kochanowski
Przedsię ku miastu swemu skłania oko.|kochanowski
Wandę wydawa ubiór, bo z postawy|kochanowski
Zda się mąż prawy. |kochanowski
Tu i fortelny Przemysł jest wniesiony,|kochanowski
I ten, co dostał trefunkiem korony,|kochanowski
Doźrzawszy zdrady, gdzie koń prędkonogi|kochanowski
Biegł zawód drogi. |kochanowski
Bóg fałszu nie chce; a jako miłuje|kochanowski
Sprawiedliwego, Piast i dziś to czuje,|kochanowski
Bo mieszka w niebie, a jego cne plemię|kochanowski
Rządziło ziemię. |kochanowski
Zemowit stoi wedle ojca prawie|kochanowski
Z drugimi równo: ty wysszej, Miecławie,|kochanowski
Którego sprawą chrześcijański zakon|kochanowski
Podań Polakom. |kochanowski
Tuż po nim widzę mężne Bolesławy,|kochanowski
Prze których dzielność i stateczne sprawy|kochanowski
Polska szeroko swych granic pomknęła|kochanowski
I serce wzięła. |kochanowski
W tejże jest liczbie on zakonnik święty,|kochanowski
Z cieniów klasztornych na królestwo wzięty.|kochanowski
Są dwa Leszczkowie; jest król wzrostem mały,|kochanowski
Ale mąż śmiały. |kochanowski
Widzę Jagiełła i dwu Kazimierzu,|kochanowski
Dobrych tak w boju, jako i w przymierzu.|kochanowski
Widzę i ciebie, gwiaździe równym prawie,|kochanowski
Cny Władysławie. |kochanowski
Tu też jest Olbracht, król serca wielkiego,|kochanowski
Tuż z Aleksandrem Sygmunt, za którego|kochanowski
Polska zakwitła, a po długim boju|kochanowski
Wytchła w pokoju. |kochanowski
Szlachetne dusze, które swej dzielności|kochanowski
Macie zapłatę niebieskie radości,|kochanowski
Życzcie ojczyźnie, aby wam rodziła|kochanowski
Podobnych siła! |kochanowski
A ten, co po was dziś państwo sprawuje,|kochanowski
Niechaj fortunnie i zdrów nam panuje,|kochanowski
A zwierzonego nie wzdawa opieku,|kochanowski
Aż pełen wieku!|kochanowski
Patrzaj, jako śnieg po górach się bieli,|kochanowski
Wiatry z północy wstają,|kochanowski
Jeziora się ścinają,|kochanowski
Żorawie, czując zimę, precz lecieli. |kochanowski
Nam nie lza, jedno patrzać też swej rzeczy:|kochanowski
Niechaj drew do komina,|kochanowski
Na stół przynoszą wina,|kochanowski
Ostatek niechaj Bóg ma na swej pieczy! |kochanowski
Przypadków dalszych żaden z nas nie zgadnie:|kochanowski
I prózno myślić o tym,|kochanowski
Co z nami będzie potym;|kochanowski
W godzinie wszystko Bóg wywróci snadnie. |kochanowski
Krótki wiek długiej nadzieje nie lubi.|kochanowski
Niechaj nie schodzi cało,|kochanowski
Coć się do rąk dostało;|kochanowski
Za to, co ma być, żaden ci nie ślubi. |kochanowski
Jeleniom nowe rogi wyrastają;|kochanowski
Nam, gdy raz młodość minie,|kochanowski
Już na wiek wiekom ginie,|kochanowski
A zawżdy gorsze lata przypadają.|kochanowski
Niezwykłym i nie leda piórem opatrzony,|kochanowski
Polecę precz, poeta, ze dwojej złożony|kochanowski
Natury: ani ja już przebywać na ziemi|kochanowski
Więcej będę, a więtszy nad zazdrość, ludnemi |kochanowski
Miasty wzgardzę. On w równym szczęściu urodzony,|kochanowski
On ja (jako mię zowiesz) wielce ulubiony,|kochanowski
Mój Myszkowski, nie umrę ani mię czarnemi|kochanowski
Styks niewesoła zamknie odnogami swymi. |kochanowski
Już mi skóra chropawa padnie na goleni,|kochanowski
Już mi w ptaka białego wierzch się głowy mieni;|kochanowski
Po palcach wszędy nowe piórka się puszczają,|kochanowski
A z ramion sążeniste skrzydła wyrastają. |kochanowski
Terazże nad Ikara prędszy przeważnego|kochanowski
Puste brzegi nawiedzę Bosfora hucznego|kochanowski
I Syrty Cyrenejskie, muzom poświęcony|kochanowski
Ptak, i pola zabiegłe za zimne Tryjony. |kochanowski
O mnie Moskwa i będą wiedzieć Tatarowie,|kochanowski
I róznego mieszkańcy świata, Anglikowie;|kochanowski
Mnie Niemiec i waleczny Hiszpan, mnie poznają,|kochanowski
Którzy głęboki strumień Tybrowy pijają. |kochanowski
Niech przy próznym pogrzebie żadne narzekanie,|kochanowski
Żaden lament nie będzie ani uskarżanie:|kochanowski
Świec i dzwonów zaniechaj, i mar drogo słanych,|kochanowski
I głosem żałobliwym żołtarzów śpiewanych! |kochanowski
Czego chcesz od nas, Panie, za Twe hojne dary?|kochanowski
Czego za dobrodziejstwa, którym nie masz miary?|kochanowski
Kościół Cię nie ogarnie, wszędy pełno Ciebie:|kochanowski
I w otchłaniach, i w morzu, na ziemi, na niebie. |kochanowski
Złota też, wiem, nie pragniesz, bo to wszytko Twoje,|kochanowski
Cokolwiek na tym świecie człowiek mieni swoje.|kochanowski
Wdzięcznym Cię tedy sercem, Panie, wyznawamy,|kochanowski
Bo nad to przystojniejszej ofiary nie mamy. |kochanowski
Tyś pan wszytkiego świata, Tyś niebo zbudował|kochanowski
I złotymi gwiazdami ślicznieś uhaftował.|kochanowski
Tyś fundament założył nieobeszłej ziemi|kochanowski
I przykryłeś jej nagość zioły rozlicznemi. |kochanowski
Za Twoim rozkazaniem w brzegach morze stoi,|kochanowski
A zamierzonych granic przeskoczyć się boi;|kochanowski
Rzeki wód nieprzebranych wielką hojność mają,|kochanowski
Biały dzień, a noc ciemna swoje czasy znają. |kochanowski
Tobie k'woli rozliczne kwiatki Wiosna rodzi,|kochanowski
Tobie k'woli w kłosianym wieńcu Lato chodzi,|kochanowski
Wino Jesień i jabłka rozmaite dawa,|kochanowski
Potym do gotowego gnuśna Zima wstawa. |kochanowski
Z Twej łaski nocna rosa na mdłe zioła padnie,|kochanowski
A zagorzałe zboża deszcz ożywia snadnie;|kochanowski
Z Twoich rąk wszelkie źwierzę patrza swej żywności,|kochanowski
A Ty każdego żywisz z Twej szczodrobliwości. |kochanowski
Bądź na wieki pochwalon, nieśmiertelny Panie!|kochanowski
Twoja łaska, Twa dobroć nigdy nie ustanie.|kochanowski
Chowaj nas, póki raczysz, na tej niskiej ziemi;|kochanowski
Jedno zawżdy niech będziem pod skrzydłami Twemi!|kochanowski
My, nieposłuszne, Panie, dzieci Twoje|kochanowski
W szcześliwe czasy swoje|kochanowski
Rzadko Cię wspominamy,|kochanowski
Tylko rozkoszy zwykłych używamy.|kochanowski
Nie baczym, że to z Twej łaski nam płynie:|kochanowski
A także prędko minie,|kochanowski
Kiedy po nas wdzięczności|kochanowski
Nie uznasz, Panie, za Twe życzliwości.|kochanowski
Miej nas na wodzy, niech nas nie rozpycha |kochanowski
Docześna rozkosz licha. |kochanowski
Niechaj na Cię pomniemy|kochanowski
Przynamniej w kaźni, gdy w łasce nie chcemy.|kochanowski
Ale ojcowskim nas karz obyczajem, |kochanowski
Boć przed Twym gniewem stajem, |kochanowski
Tak jako śnieg niszczeje,|kochanowski
Kiedy mu słońce niebieskie dogrzeje.|kochanowski
Zgubisz nas prędko, wiekuisty Panie, |kochanowski
Jesli nad nami stanie |kochanowski
Twa ciężka Boska ręka;|kochanowski
Sama niełaska jest nam sroga męka.|kochanowski
Ale od wieku Twoja lutość słynie, |kochanowski
A pierwej świat zaginie, |kochanowski
Niż Ty wzgardzisz pokornym,|kochanowski
Chocia był długo przeciw Tobie spornym.|kochanowski
Wielkie przed Tobą są występy moje, |kochanowski
Lecz miłosierdzie Twoje |kochanowski
Przewyssza wszytki złości:|kochanowski
Użyj dziś, Panie, nade mną litości.|kochanowski
Erato złotowłosa i ty, wdzięczna lutni,|kochanowski
Skąd pociechę w swych troskach biorą ludzie smutni!|kochanowski
Uspokójcie na chwilę strapioną myśl moję,|kochanowski
Póki jeszcze kamienny w polu słup nie stoję,|kochanowski
Lejąc ledwe nie krwawy płacz przez marmór żywy,|kochanowski
Żalu ciężkiego pamięć i znak nieszczęśliwy.|kochanowski
Mylę sie? czyli patrząc na ludzkie przygody|kochanowski
Skromniej człowiek uważa i swe własne szkody?|kochanowski
Nieszczesna matko (jeśli przyczytać możemy|kochanowski
Nieszcześciu, co prze głupi rozum swój cierpiemy),|kochanowski
Gdzie teraz twych siedm’ synów i dziewek tak wiele?|kochanowski
Gdzie pociecha? gdzie radość? i twoje wesele?|kochanowski
Widzę czternaście mogił, a ty nieszcześliwa|kochanowski
I podobno tak długo nad wolą swą żywa|kochanowski
Obłapiasz zimne groby, w których (ach, niebogo!)|kochanowski
Składłaś dziateczki swoje zagubione srogo.|kochanowski
Takie więc kwiaty leżą kosą podsieczone|kochanowski
Albo deszczem gwałtownym na ziemię złożone.|kochanowski
W którą nadzieję żywiesz? Czego czekasz więcej?|kochanowski
Czemu śmiercią żałości nie zbywasz co pręcej?|kochanowski
A wasze prętkie strzały albo łuk co czyni|kochanowski
Niepochybny, o Febe i mściwa bogini?|kochanowski
Albo z gniewu (bo winna), albo więc z lutości|kochanowski
Dokonajcie, prze Boga, jej biednej starości!|kochanowski
Nowa pomsta, nowa kaźń hardą myśl potkała:|kochanowski
Dziatek płacząc Nijobe sama skamieniała|kochanowski
I stoi na Sipylu marmór nieprzetrwany,|kochanowski
Jednak i pod kamieniem żywią skryte rany.|kochanowski
Jej bowiem łzy serdeczne skałę przenikają|kochanowski
I przeźrzoczystym z góry strumieniem spadają,|kochanowski
Skąd źwierz i ptastwo pije; a ta w wiecznym pęcie|kochanowski
Tkwi w rogu skały wiatrom szalonym na wstręcie.|kochanowski
Ten grób nie jest na martwym, ten martwy nie w grobie,|kochanowski
Ale samże jest martwym, samże grobem sobie.|kochanowski
Żałość moja długo w noc oczu mi nie dała|kochanowski
Zamknąć i zemdlonego upokoić ciała.|kochanowski
Ledwie mię na godzinę przed świtanim swymi|kochanowski
Sen leniwy obłapił skrzydły czarnawymi.|kochanowski
Na ten czas sie matka własnie ukazała,|kochanowski
A na ręku Orszulę moję wdzięczna miała,|kochanowski
Jaka więc po paciorek do mnie przychodziła,|kochanowski
Skoro z swego posłania rano sie ruszyła.|kochanowski
Giezłeczko białe na niej, włoski pokręcone,|kochanowski
Twarz rumiana, a oczy ku śmiechu skłonione.|kochanowski
Patrzę, co dalej będzie, aż matka tak rzecze:|kochanowski
„Spisz, Janie, czy cię żałość twoja zwykła piecze?”|kochanowski
Zatym-em ciężko westchnął i tak mi sie zdało,|kochanowski
Żem sie ocknął. A ona, pomilczawszy mało,|kochanowski
Znowu mówić poczęła: „Twój nieutulony|kochanowski
Płacz, synu mój, przywiódł mię w te tu wasze strony|kochanowski
Z krain barzo dalekich, a łzy gorzkie twoje|kochanowski
Przeszły aż i umarłych tajemne pokoje.|kochanowski
Przyniosłam ci na ręku wdzięczną dziewkę twoję,|kochanowski
Abyś ją mógł oglądać jeszcze, a tę swoję|kochanowski
Serdeczną żałość ujął, która tak ujmuje|kochanowski
Sił twoich i tak zdrowie nieznacznie twe psuje,|kochanowski
Jako ogień suchy knot obraca w perzyny,|kochanowski
Darmo nie upuszczając namniejszej godziny.|kochanowski
Czyli nas już umarłe macie za stracone|kochanowski
I którym już na wieki słońce jest zgaszone?|kochanowski
A my, owszem, żywiemy żywot tym ważniejszy,|kochanowski
Czym nad to grube ciało duch jest ślachetniejszy.|kochanowski
Ziemia w ziemię się wraca, a duch z nieba dany|kochanowski
Miałby zginąć ani na miejsca swe wezwany?|kochanowski
O to sie ty nie frasuj, a wierz niewątpliwie,|kochanowski
Że twoja namilejsza Orszuleczka żywie.|kochanowski
A tu więc takim ci sie kształtem ukazała,|kochanowski
Jakoby sie śmiertelnym oczom poznać dała,|kochanowski
Ale miedzy anioły i duchy wiecznymi|kochanowski
Jako wdzięczna jutrzenka świeci, a za swymi|kochanowski
Rodzicami sie modli, jako to umiała|kochanowski
Z wami będąc, choć jeszcze słów nie domawiała.|kochanowski
Jesliżeć też stąd roście żałość, że jej lata|kochanowski
Pierwej są przyłomione, niżli tego świata|kochanowski
Rozkoszy zażyć mogła? O biedne i płone|kochanowski
Rozkoszy wasze, które tak są usadzone,|kochanowski
Że w nich więcej frasunków i żałości więcej,|kochanowski
Czego ty doznać możesz sam z siebie napręcej.|kochanowski
Ucieszyłeś sie kiedy z dziewki swej tak wiele,|kochanowski
Żeby pociecha twoja i ono wesele|kochanowski
Mogło porównać z twoim dzisiejszym kłopotem?|kochanowski
Nie rzeczesz tego, widzę. Także trzymaj o tem,|kochanowski
Jakoś doznał, ani sie frasuj, że tak rana|kochanowski
Twojej ze wszech namilszej dziewce śmierć zesłana.|kochanowski
Nie od rozkoszyć poszła; poszłać od trudności,|kochanowski
Od pracej, od frasunków, od złez, od żałości,|kochanowski
Czego świat ma tak wiele, że – by też co było|kochanowski
W tym docześnym żywocie człowieczeństwu miło –|kochanowski
Musi smak swój utracić prze wielkość przysady,|kochanowski
A przynamniej prze bojaźń nieuchronnej zdrady.|kochanowski
Czegóż płaczesz, prze Boga? Czegóż nie zażyła?|kochanowski
Że sobie swym posagiem pana nie kupiła?|kochanowski
Że przegrozek i cudzych fuków nie słuchała?|kochanowski
Że boleści w rodzeniu dziatek nie uznała?|kochanowski
Ani umie powiedzieć, czego jej troskliwa|kochanowski
Matka doszła, co z więtszym utrapieniem bywa,|kochanowski
Czy je rodzić, czy je grześć? – Takieć pospolicie|kochanowski
Przysmaki wasze, czym wy sobie świat słodzicie!|kochanowski
W niebie szczere rozkoszy, a do tego wieczne,|kochanowski
Od wszelakiej przekazy wolne i bezpieczne.|kochanowski
Tu troski nie panują, tu pracej nie znają,|kochanowski
Tu nieszczeście, tu miejsca przygody nie mają,|kochanowski
Tu choroby nie najdzie, tu nie masz starości,|kochanowski
Tu śmierć łzami karmiona nie ma już wolności.|kochanowski
Żyjem wiek nieprzeżyty, wiecznej używamy|kochanowski
Dobrej myśli, przyczyny wszytkich rzeczy znamy.|kochanowski
Słońce nam zawżdy świeci, dzień nigdy nie schodzi|kochanowski
Ani za sobą nocy niewidomej wodzi.|kochanowski
Twórcę wszech rzeczy widziem w Jego majestacie,|kochanowski
Czego wy, w ciele będąc, prózno upatrzacie.|kochanowski
Tu w czas obróć swe myśli, a chowaj sie na te|kochanowski
Nieodmienne, synu mój, rozkoszy bogate.|kochanowski
Doznałeś, co świat umie i jego kochanie,|kochanowski
Lepiej na czym ważniejszym zasadź swe staranie.|kochanowski
Dziewka twoja dobry los (możesz wierzyć) wzięła,|kochanowski
A własnie w swoich rzeczach sobie tak poczęła,|kochanowski
Jako gdy kto na morze nowo sie puściwszy,|kochanowski
A tam niebezpieczeństwo wielkie obaczywszy,|kochanowski
Woli nazad do brzegu. Drudzy, co podali|kochanowski
Żagle wiatrom, na ślepe skały powpadali:|kochanowski
Ten mrozem zwyciężony, ten od głodu zginął,|kochanowski
Rzadki, co by do brzegu na desce przypłynął.|kochanowski
Śmierci zniknąć nie mogła, by też dobrze była|kochanowski
Onę dawną Sybillę wiekiem swym przeżyła.|kochanowski
To, co miało być potym, uprzedzić wolała:|kochanowski
Tymże mniej tego świata niewczasów doznała.|kochanowski
Drugie po swych namilszych rodzicach zostają|kochanowski
I ciężkiego siroctwa nędzne doznawają.|kochanowski
Wypchną drugą na męża leda jako z domu,|kochanowski
A majętność zostanie, sam to Bóg wie komu.|kochanowski
Biorą drugie i gwałtem, a biorą i swoi,|kochanowski
Ale i w hordach część sie wielka ich zostoi,|kochanowski
Gdzie w niewoli pogańskiej i w służbie sromotnej|kochanowski
Łzy swe piją, czekając śmierci wszystkokrotnej.|kochanowski
Tego twej wdzięcznej dziewce bać sie już nie trzeba,|kochanowski
Która w swych młodych leciech wzięta jest do nieba,|kochanowski
Żadnych frasunków tego świata nie doznawszy|kochanowski
Ani grzechem dusze swej drogiej pomazawszy.|kochanowski
Jej tedy rzeczy, synu (nie masz wątpliwości),|kochanowski
Dobrze poszły, ani stąd używaj żałości.|kochanowski
Swoje szkody tak szacuj i omyłki swoje,|kochanowski
Abyś nie przepamiętał, że baczenie twoje|kochanowski
I stateczność jest droższa. W tę bądź przedsię panem,|kochanowski
Jako sie kolwiek czujesz w pociechy obranem.|kochanowski
Człowiek, urodziwszy sie, zasiadł w prawie takim,|kochanowski
Że ma być jako celem przygodom wszelakim.|kochanowski
Z tego trudno sie zdzierać; pocznimy, co chcemy:|kochanowski
Jesli po dobrej woli nie pójdziem, musiemy.|kochanowski
A co wszytkich jednako ciśnie, nie wiem czemu|kochanowski
Tobie ma być, synu mój, naciężej jednemu.|kochanowski
Śmiertelna, jako i ty, twoja dziewka była,|kochanowski
Póki jej zamierzony kres był, poty żyła.|kochanowski
Krótko wprawdzie, ale w tym człowiek nic nie włada,|kochanowski
A wyrzec też, co lepiej, niełacno przypada.|kochanowski
Skryte są Pańskie sądy; co sie Jemu zdało,|kochanowski
Nalepiej, żeby sie też i nam podobało.|kochanowski
Łzy w tej mierze niepłatne; gdy raz dusza ciała|kochanowski
Odbieży, prózno czekać, by sie wrócić miała.|kochanowski
Ale człowiek nie zda sie praw szcześciu w tej mierze,|kochanowski
Że szkody pospolicie tylko przed się bierze,|kochanowski
A tego baczyć nie chce ani mieć w pamięci,|kochanowski
Co mu też czasem padnie wedle jego chęci.|kochanowski
Tać jest władza Fortuny, mój namilszy synie,|kochanowski
Że nie tak uskarżać sie, kiedy nam co zginie,|kochanowski
Jako dziękować trzeba, że wżdam co zostało,|kochanowski
Bo to wszytko nieszczeście w ręku swoich miało.|kochanowski
A tak i ty, folgując prawu powszechnemu,|kochanowski
Zagródź drogę do serca upadkowi swemu,|kochanowski
A w to patrzaj, co uszło ręku złej przygody;|kochanowski
Zyskiem człowiek zwać musi, w czym nie popadł szkody.|kochanowski
Na koniec, w co sie on koszt i ona utrata,|kochanowski
W co sie praca i twoje obróciły lata,|kochanowski
Któreś ty niemal wszystkie strawił nad księgami,|kochanowski
Mało sie bawiąc świata tego zabawami?|kochanowski
Teraz by owoc zbierać swojego szczepienia|kochanowski
I ratować w zachwianiu mdłego przyrodzenia.|kochanowski
Cieszyłeś przed tym insze w takiejże przygodzie:|kochanowski
I będziesz w cudzej czulszy niżli w swojej szkodzie?|kochanowski
Teraz, mistrzu, sam sie lecz; czas doktór każdemu.|kochanowski
Ale kto pospolitym torem gardzi, temu|kochanowski
Tak poznego lekarstwa czekać nie przystoi:|kochanowski
Rozumem ma uprzedzić, co insze czas goi.|kochanowski
A czas co ma za fortel? Dawniejsze świeżymi|kochanowski
Przypadkami wybija, czasem weselszymi,|kochanowski
Czasem też z tejże miary, co człowiek z baczeniem|kochanowski
Pierwej, niż przyjdzie, widzi i takim myśleniem|kochanowski
Przeszłych rzeczy nie wściąga, przyszłych upatruje|kochanowski
I serce na oboję fortunę gotuje.|kochanowski
Tego sie, synu, trzymaj, a ludzkie przygody|kochanowski
Ludzkie noś; jeden jest Pan smutku i nagrody”.|kochanowski
Tu zniknęła. – Jam sie też ocknął. – Aczciem prawie|kochanowski
Niepewien, jeslim przez sen słuchał czy na jawie.|kochanowski
„Fraszka cnota!” – powiedział Brutus porażony.|kochanowski
Fraszka, kto się przypatrzy, fraszka z każdej strony!|kochanowski
Kogo kiedy pobożność jego ratowała?|kochanowski
Kogo dobroć przypadku złego uchowała?|kochanowski
Nieznajomy wróg jakiś miesza ludzkie rzeczy,|kochanowski
Nie mając ani dobrych, ani złych na pieczy.|kochanowski
Kędy jego duch wienie, żaden nie ulęże;|kochanowski
Praw li, krzyw li, bez braku każdego dosięże.|kochanowski
A my rozumy swoje przedsię udać chcemy,|kochanowski
Hardzi miedzy prostaki, że nic nie umiemy.|kochanowski
Wspinamy sie do nieba, Boże tajemnice|kochanowski
Upatrując; ale wzrok śmiertelnej źrzenice|kochanowski
Tępy na to. Sny lekkie, sny płoche nas bawią,|kochanowski
Które sie nam podobno nigdy nie wyjawią.|kochanowski
Żałości, co mi czynisz? Owa już oboje|kochanowski
Mam stracić: i pociechę, i baczenie swoje?|kochanowski
Orszulo moja wdzięczna, gdzieś mi sie podziała?|kochanowski
W którą stronę, w którąś sie krainę udała?|kochanowski
Czyś ty nad wszystki nieba wysoko wniesiona|kochanowski
I tam w liczbę aniołków małych policzona?|kochanowski
Czyliś do raju wzięta? Czyliś na szcześliwe|kochanowski
Wyspy zaprowadzona? Czy cię przez teskliwe|kochanowski
Charon jeziora wiezie i napawa zdrojem|kochanowski
Niepomnym, że ty nie wiesz nic o płaczu mojem?|kochanowski
Czy człowieka zrzuciwszy i myśli dziewicze,|kochanowski
Wzięłaś na się postawę i piórka słowicze?|kochanowski
Czyli sie w czyścu czyścisz, jeśli z strony ciała|kochanowski
Jakakolwiek zmazeczka na tobie została?|kochanowski
Czyś po śmierci tam poszła, kędyś pierwej była,|kochanowski
Niżeś sie na mą ciężką żałość urodziła?|kochanowski
Gdzieśkolwiek jest, jesliś jest, lituj mej żałości,|kochanowski
A nie możesz li w onej dawnej swej całości,|kochanowski
Pociesz mię, jako możesz, a staw sie przede mną|kochanowski
Lubo snem, lubo cieniem, lub marą nikczemną.|kochanowski
Wielkieś mi uczyniła pustki w domu moim, |kochanowski
Moja droga Orszulo, tym zniknieniem swoim. |kochanowski
Pełno nas, a jakoby nikogo nie było:|kochanowski
Jedną maluczką duszą tak wiele ubyło.|kochanowski
Tyś za wszytki mówiła, za wszytki śpiewała, |kochanowski
Wszytkiś w domu kąciki zawżdy pobiegała. |kochanowski
Nie dopuściłaś nigdy matce się frasować |kochanowski
Ani ojcu myśleniem zbytnim głowy psować: |kochanowski
To tego, to owego wdzięcznie obłapiając|kochanowski
I onym swym uciesznym śmiechem zabawiając. |kochanowski
Teraz wszytko umilkło: szczere pustki w domu, |kochanowski
Nie masz zabawki, nie masz rośmiać się nikomu; |kochanowski
Z każdego kąta żałość człowieka ujmuje,|kochanowski
A serce swej pociechy darmo upatruje|kochanowski
Nieszczęsne ochędóstwo, żałosne ubiory |kochanowski
Mojej namilszej cory!|kochanowski
Po co me smutne oczy za sobą ciągniecie, |kochanowski
Żalu mi przydajecie?|kochanowski
Już ona członeczków swych wami nie odzieje:|kochanowski
Nie masz, nie masz nadzieje!|kochanowski
Ujął ją sen żelazny, twardy, nieprzespany.|kochanowski
Już letniczek pisany|kochanowski
I uploteczki wniwecz, i paski złocone, |kochanowski
Matczyne dary płone.|kochanowski
Nie do takiej łóżnice, moja dziewko droga, |kochanowski
Miała cię mać uboga |kochanowski
Doprowadzić; nie takąć dać obiecowała|kochanowski
Wyprawę, jąkać dała|kochanowski
Giezłeczkoć tylko dała a lichą tkaneczkę; |kochanowski
Ojciec ziemie brełeczkę|kochanowski
W główki włożył. Niestetyż, i posag, i ona |kochanowski
W jednej skrzynce zamkniona! |kochanowski
Ucieszna moja śpiewaczko! Safo słowieńska!|kochanowski
Na którą nie tylko moja cząstka ziemieńska,|kochanowski
Ale i lutnia dziedzicznym prawem spaść miała!|kochanowski
Tęś nadzieję już po sobie okazowała,|kochanowski
Nowe piosnki sobie tworząc, nie zamykając|kochanowski
Ustek nigdy, ale cały dzień prześpiewając,|kochanowski
Jako więc lichy słowiczek w krzaku zielonym|kochanowski
Całą noc prześpiewa gardłkiem swym ucieszonym.|kochanowski
Prędkoś mi nazbyt umilkła! Nagle cię sroga|kochanowski
Śmierć spłoszyła, moja wdzięczna szczebiotko droga!|kochanowski
Nie nasyciłaś mych uszu swymi piosnkami|kochanowski
I tę trochę teraz płacę sowicie łzami.|kochanowski
A tyś ani umierając śpiewać przestała,|kochanowski
Lecz matkę ucałowawszy, takeś żegnała:|kochanowski
„Już ja tobie, moja matko, służyć nie będę|kochanowski
Ani za twym wdzięcznym stołem miejsca zasiędę;|kochanowski
Przyjdzie mi klucze położyć, samej precz jechać,|kochanowski
Domu rodziców swych miłych wiecznie zaniechać”.|kochanowski
To, i czego żal ojcowski nie da serdeczny|kochanowski
Przypominać więcej, był jej głos ostateczny.|kochanowski
A matce, słysząc żegnanie tak żałościwe,|kochanowski
Dobre serce, że od żalu zostało żywe.|kochanowski
Jako oliwka mała pod wysokim sadem|kochanowski
Idzie z ziemie ku górze macierzyńskim śladem,|kochanowski
Jeszcze ani gałązek, ani listków rodząc,|kochanowski
Sama tylko dopiro szczupłym prątkiem wschodząc:|kochanowski
Tę jesli, ostre ciernie lub rodne pokrzywy|kochanowski
Uprzątając, sadownik podciął ukwapliwy,|kochanowski
Mdleje zaraz, a zbywszy siły przyrodzonej,|kochanowski
Upada przed nogami matki ulubionej.|kochanowski
Takci sie mej namilszej Orszuli dostało:|kochanowski
Przed oczyma rodziców swoich rostąc, mało|kochanowski
Od ziemie sie co wzniózwszy, duchem zaraźliwym|kochanowski
Srogiej śmierci otchniona, rodzicom troskliwym|kochanowski
U nóg martwa upadła. O zła Persefono,|kochanowski
Mogłażeś tak wielu łzam dać upłynąć płono?|kochanowski
Zgwałciłaś, niepobożna śmierci, oczy moje,|kochanowski
Żem widział umierając miłe dziecię swoje.|kochanowski
Widziałem, kiedyś trzęsła owoc niedordzały,|kochanowski
A rodzicom nieszczesnym serca sie krajały.|kochanowski
Nigdyć by ona była bez wielkiej żałości|kochanowski
Mojej umrzeć nie mogła, nigdy bez ciężkości|kochanowski
I serdecznego bolu, w którymkolwiek lecie|kochanowski
Mnie by smutnego była odbiegła na świecie;|kochanowski
Alem ja już z jej śmierci nigdy żałościwszy,|kochanowski
Nigdy smutniejszy nie mógł być ani teskliwszy.|kochanowski
A ona (by był Bóg chciał) dłuższym wiekiem swoim|kochanowski
Siła pociech przymnożyć mogła oczom moim.|kochanowski
A przynamniej tym czasem mogłem był odprawić|kochanowski
Wiek swój i Persefonie ostatniej sie stawić,|kochanowski
Nie uczuwszy na sercu tak wielkiej żałości,|kochanowski
Której równia nie widzę w tej tu śmiertelności.|kochanowski
Nie dziwuję Nijobie, że na martwe ciała|kochanowski
Swoich namilszych dziatek patrząc skamieniała.|kochanowski
Serce roście patrząc na te czasy:|kochanowski
Mało przedtym gołe były lasy,|kochanowski
Śnieg na ziemi wysszej łokcia leżał,|kochanowski
A po rzekach wóz nacięższy zbieżał.|kochanowski
Teraz drzewa liście na się wzięły,|kochanowski
Polne łąki pięknie zakwitnęły;|kochanowski
Lody zeszły, a po czystej wodzie|kochanowski
Idą statki i ciosane łodzie.|kochanowski
Teraz prawie świat się wszystek śmieje:|kochanowski
Zboża wstały, wiatr zachodny wieje,|kochanowski
Ptacy sobie gniazda omyślają|kochanowski
A przede dniem śpiewać poczynają.|kochanowski
Ale to grunt wesela prawego,|kochanowski
Kiedy człowiek sumnienia całego|kochanowski
Ani czuje w sercu żadnej wady –|kochanowski
Przeczby się miał wstydać swojej rady?|kochanowski
Dzbanie mój pisany,|kochanowski
Dzbanie polewany,|kochanowski
Bądź płacz, bądź żarty, bądź gorące wojny,|kochanowski
Bądź miłość niesiesz albo sen spokojny,|kochanowski
Jakokolwiek zwano|kochanowski
Wino, co w cię lano:|kochanowski
Przymkni się do nas, a daj się nachylić,|kochanowski
Chciałbym twym darem gości swych posilić!|kochanowski
I ten cię nie minie,|kochanowski
Choć kto mądrym słynie;|kochanowski
Pijali przedtym i filozofowie,|kochanowski
A przedsię mieli spełna rozum w głowie.|kochanowski
Ty zmiękczysz każdego,|kochanowski
Nastateczniejszego;|kochanowski
Ty mądrych sprawy i tajemną radę|kochanowski
Na świat wydawasz przez twą cichą zdradę.|kochanowski
Nie wierz Fortunie, co siedzisz wysoko;|kochanowski
Miej na poślednie koła pilne oko:|kochanowski
Bo to niestała pani z przyrodzenia,|kochanowski
Często więc rada sprawy swe odmienia.|kochanowski
Nie dufaj w złoto i w żadne pokłady,|kochanowski
Każdej godziny obawiaj się zdrady;|kochanowski
Fortuna, co da, to zasię wziąć może,|kochanowski
A u niej żadna dawność nie pomoże.|kochanowski
A ci, co z tobą teraz przestawają,|kochanowski
Twej się Fortunie, nie tobie kłaniają;|kochanowski
Skoro ta zniknie, tył każdy podawa,|kochanowski
Jako cień, kiedy słońca mu nie zstawa.|kochanowski
Lecz jako sama oczy zasłoniła,|kochanowski
Tak swym pochlebstwem ludzi pobłaźniła:|kochanowski
Że drugi wysszej nosa gębę nosi,|kochanowski
A wszystki insze oczyma przenosi.|kochanowski
To moja nawiętsza wada,|kochanowski
Że tańcuję barzo rada;|kochanowski
Powiedzcież mi, me sąsiady,|kochanowski
Jest tu która bez tej wady?|kochanowski
Wszytki mi się uśmiechacie,|kochanowski
Podobno ze mną trzymacie;|kochanowski
Postępujmyż tedy krokiem,|kochanowski
Aleć nie masz jako skokiem.|kochanowski
Skokiem taniec nasnadniejszy,|kochanowski
A tym jeszcze pochodniejszy,|kochanowski
Kiedy w bęben przybijają,|kochanowski
Samy nogi prawie drgają.|kochanowski
Teraz masz czas, umiesz li co,|kochanowski
Mój nadobny bębennico!|kochanowski
Wszytka tu wieś siedzi wkoło,|kochanowski
A w pośrzodku samo czoło.|kochanowski
Żeby też tu ta nie była,|kochanowski
Która twemu sercu miła?|kochanowski
Każesz li, wierzyć będziemy,|kochanowski
Aleć insze rozumiemy.|kochanowski
Pomóż oto dobrej rzeczy,|kochanowski
A nasz taniec miej na pieczy;|kochanowski
Owa najdziesz i w tym rzędzie,|kochanowski
Coć za wszytki płatna będzie.|kochanowski
Ja się nie umiem frasować,|kochanowski
Toż radzę drugim zachować;|kochanowski
Bo w trosce człowiek zgrzybieje|kochanowski
Pierwej, niż się sam spodzieje.|kochanowski
Ale gdzie dobra myśl płuży,|kochanowski
Tam i zdrowie lepiej służy;|kochanowski
A choć drugi zajdzie w lata,|kochanowski
I tak on ujdzie za swata.|kochanowski
Za mną, za mną, piękne koło,|kochanowski
Opiewając mi wesoło!|kochanowski
A ty się czuj, czyja kolej,|kochanowski
Nie masz li mię wydać wolej!|kochanowski
Miałem sen w Dreźnie 1832, marca 23,|mickiewicz
który ciemny i dla mnie niezrozumiany.|mickiewicz
Wstawszy zapisałem go wierszem.|mickiewicz
Teraz, 1840, przepisuję dla pamiątki.|mickiewicz
Śniła się zima, ja biegłem w szeregu,|mickiewicz
Za procesyją pod niebem, po śniegu.|mickiewicz
Nie wiem, skąd wiemy, że na brzeg Jordanu|mickiewicz
Idziem, i w górze odgłos: „Chwała Panu,|mickiewicz
Pokój trzem królom, ludy! do Jordanu!”|mickiewicz
Ludzie obok mnie szli dwoma rzędami,|mickiewicz
Kobiety, starce i dzieci parami;|mickiewicz
W bieli ubrani ci, co z prawej strony;|mickiewicz
Ci, co na lewo, w żałobne opony,|mickiewicz
Szli ze świecami w dół obróconemi;|mickiewicz
Świece gorzały płomieniem do ziemi,|mickiewicz
Jak złote strzały.|mickiewicz
A ci bez światła szli, co po prawicy:|mickiewicz
Każdy z nich w ręku niósł kwiat zamiast świécy.|mickiewicz
Spojrzałem w twarze: są i mnie znajome;|mickiewicz
Zląkłem się: wszystkie jak głaz nieruchome.|mickiewicz
Jedna osoba wyszła z prawej strony:|mickiewicz
Kobieta, świeci okiem przez zasłony.|mickiewicz
Stanęła przy mnie; wtem wybiegł chłopczyna|mickiewicz
I o jałmużnę dla ojca zaklina.|mickiewicz
Dałem grosz, ona dała tyle dwoje.|mickiewicz
Znowu sześć dałem, ona znów we dwoje.|mickiewicz
Zbiegli się widze, po złoto sięgamy,|mickiewicz
Kto z nas da więcej, dajemy, szukamy,|mickiewicz
Wstyd nam! już wszystko daliśmy, co mamy.|mickiewicz
Lud łajał chłopcu: „Oddaj im, żartują”|mickiewicz
„Oddam – rzekł chłopiec – jeżeli żałują”.|mickiewicz
Lecz nazad przyjąć już mi się nie chciało.|mickiewicz
Postać mnie ręką przeżegnała białą.|mickiewicz
Wtem weszło słońce – lato – śnieg nie spłynął,|mickiewicz
Lecz jak ptak biały dwa skrzydła rozwinął|mickiewicz
I skacząc leciał; niebo się odkryło|mickiewicz
I wkoło ciepło i błękitno było!|mickiewicz
Uczułem zapach Włoch, róż i jaźminu,|mickiewicz
Różą pachnęła góra Palatynu.|mickiewicz
Ujrzałem Ewę,|mickiewicz
Jaką widziałem na Albańskiej górze,|mickiewicz
W białej sukience i ubraną w róże;|mickiewicz
Motyle wkoło, ona między niemi|mickiewicz
Zdała się wznosić i nie tykać ziemi;|mickiewicz
Twarz piękna jako Przemienienie Pańskie;|mickiewicz
Wzrok utopiła w Jezioro Albańskie;|mickiewicz
Ciekawie patrzy, nie ruszy powieki,|mickiewicz
Jakby w tej głębi modrej i dalekiej|mickiewicz
Odbite swoje oblicze widziała|mickiewicz
I przed jeziorem róże poprawiała.|mickiewicz
Chciałem przywitać, lecz siły nie miałem.|mickiewicz
Z gwałtownej chęci mówić – oniemiałem;|mickiewicz
Lecz rozkosz moja, ach, ta rozkosz senna,|mickiewicz
Któż ją opowie? – mocniejsza niż dzienna,|mickiewicz
Lżejsza i milsza: jawa ma żar słońca,|mickiewicz
A sen łagodność i ciszę miesiąca.|mickiewicz
Za ręce wreszcie jak siostrę ująłem;|mickiewicz
Spojrzała ku mnie okiem niewesołem.|mickiewicz
„O siostro moja, patrząc w to twe oko,|mickiewicz
Czuję me szczęście tak dziwnie głęboko,|mickiewicz
Że mi się zdaje, że jestem w kościele”.|mickiewicz
Ona mi rzekła z uśmiechem dziecięcia:|mickiewicz
„Rodzice moi chcą mię z innym swatać,|mickiewicz
Lecz ja jaskółka, chcę daleko latać;|mickiewicz
Mam skrzydła dobre, patrz, jaki ptak ze mnie!|mickiewicz
Lecę popłukać pióra moje w Niemnie.|mickiewicz
Wiem ja o twoich wszystkich przyjaciołach,|mickiewicz
Znajdę ich: leżą w grobach, po kościołach.|mickiewicz
Muszę i w lasy, w jeziora przepadać,|mickiewicz
I drzew popytać, i z ziołkami gadać,|mickiewicz
One o tobie dziwne rzeczy wiedzą,|mickiewicz
Wszystko, gdzieś chodził, co robił, powiedzą”.|mickiewicz
Słuchałem – i mnie nie zdała się ciemna|mickiewicz
Jej mowa, choć tak dziwna i tajemna.|mickiewicz
I mnie się zdało, że sam lecieć mogę,|mickiewicz
I prosiłem ją, by mnie wzięła w drogę.|mickiewicz
Zląkłem się tylko, że chce na doliny|mickiewicz
Iść pytać o mnie drzewa i krzewiny.|mickiewicz
I przypomniałem nagle wszystkie błędy,|mickiewicz
Chwile pustoty, szaleństwa zapędy,|mickiewicz
I czułem serce tak mocno rozdarte,|mickiewicz
Tak jej i szczęścia, i nieba niewarte.|mickiewicz
Wtem obaczyłem jaskółkę, z powrotem|mickiewicz
Już leci: za nią jakby wojsko czarne:|mickiewicz
Sosny i lipy, piołuny i cząbry,|mickiewicz
Świadczyć przeciwko mnie –|mickiewicz
Przebudziłem się – z obliczem ku niebu,|mickiewicz
Z rękami na krzyż, jakby do pogrzebu.|mickiewicz
Sen mój był cichy – łzy jeszcze płynęły|mickiewicz
Gęsto po licach, i jeszcze wionęły|mickiewicz
Świeżym zapachem i Włoch, i jaźminu,|mickiewicz
I Gór Albańskich, i róż Palatynu –|mickiewicz
Gęby za lud krzyczące sam lud w końcu znudzą,|mickiewicz
I twarze lud bawiące na koniec lud znudzą.|mickiewicz
Ręce za lud walczące sam lud poobcina.|mickiewicz
Imion miłych ludowi lud pozapomina.|mickiewicz
Wszystko przejdzie, po huku, po szumie, po trudzie|mickiewicz
Wezmą dziedzictwo cisi, ciemni, mali ludzie.|mickiewicz
Jest mistrz, co wszystkie duchy wziął do chóru|mickiewicz
I wszystkie serca nastroił do wtóru,|mickiewicz
Wszystkie żywioły naciągnął jak struny:|mickiewicz
A wodząc po nich wichry i pioruny,|mickiewicz
Jedną pieśń śpiewa i gra od początku:|mickiewicz
A świat dotychczas nie pojął jej wątku.|mickiewicz
Mistrz, co malował na niebios błękicie,|mickiewicz
I malowidła odbił na tle fali,|mickiewicz
Kolosów wzory rzezał na gór szczycie|mickiewicz
I w głębi ziemi odlał je z metali:|mickiewicz
A świat przez tyle wieków, z dzieł tak wiela,|mickiewicz
Nie pojął jednej myśli tworzyciela.|mickiewicz
Jest mistrz wymowy, co bożą potęgę|mickiewicz
W niewielu słowach objawił przed ludem,|mickiewicz
I całą swoich myśli i dzieł księgę|mickiewicz
Sam wytłumaczył głosem, czynem, cudem;|mickiewicz
Dotąd mistrz nazbyt wielkim był dla świata,|mickiewicz
Dziś świat nim gardzi poznawszy w nim brata.|mickiewicz
Sztukmistrzu ziemski! czym są twe obrazy,|mickiewicz
Czym są twe rzeźby i twoje wyrazy?|mickiewicz
A ty się skarżysz, że któś w braci tłumie|mickiewicz
Twych myśli i mów, i dzieł nie rozumie?|mickiewicz
Spojrzyj na mistrza, i cierp, boży synu,|mickiewicz
Nieznany albo wzgardzony od gminu.|mickiewicz
Jeszcze wielka, już pusta Girajów dziedzina!|mickiewicz
Zmiatane czołem baszów ganki i przedsienia,|mickiewicz
Sofy, trony potęgi, miłości schronienia,|mickiewicz
Przeskakuje sarańcza, obwija gadzina.|mickiewicz
Skróś okien różnofarbnych powoju roślina,|mickiewicz
Wdzierając się na głuche ściany i sklepienia,|mickiewicz
Zajmuje dzieło ludzi w imię przyrodzenia,|mickiewicz
I pisze Balsazara głoskami „RUINA”.|mickiewicz
W środku sali wycięte z marmuru naczynie;|mickiewicz
To fontanna haremu, dotąd stoi cało|mickiewicz
I perłowe łzy sącząc woła przez pustynie:|mickiewicz
"Gdzież jesteś. o miłości, potęgo i chwało!|mickiewicz
Wy macie trwać na wieki, źródło szybko płynie,|mickiewicz
O hańbo! wyście przeszły, a źródło zostało".|mickiewicz
Zdarto żagle, ster prysnął, ryk wód, szum zawiei,|mickiewicz
Głosy trwożnej gromady, pomp złowieszcze jęki,|mickiewicz
Ostatnie liny majtkom wyrwały się z ręki,|mickiewicz
Słońce krwawo zachodzi, z nim reszta nadziei.|mickiewicz
Wicher z tryumfem zawył, a na mokre góry|mickiewicz
Wznoszące się piętrami z morskiego odmętu|mickiewicz
Wstąpił genijusz śmierci i szedł do okrętu,|mickiewicz
Jak żołnierz szturmujący w połamane mury.|mickiewicz
Ci leżą na pół martwi, ów załamał dłonie,|mickiewicz
Ten w objęcia przyjaciół żegnając się pada,|mickiewicz
Ci modlą się przed śmiercią, aby śmierć odegnać.|mickiewicz
Jeden podróżny siedział w milczeniu na stronie|mickiewicz
I pomyślił: szczęśliwy, kto siły postrada,|mickiewicz
Albo modlić się umie, lub ma z kim się żegnać.   |mickiewicz
Nigdy, więc nigdy z tobą rozstać się nie mogę!|mickiewicz
Morzem płyniesz i lądem idziesz za mną w drogę,|mickiewicz
Na lodowiskach widzę błyszczące twe ślady|mickiewicz
I głos twój słyszę w szumie alpejskiej kaskady,|mickiewicz
I włosy mi się jeżą, kiedy się oglądam,|mickiewicz
I postać twoję widzieć lękam się i żądam.    |mickiewicz
Niewdzięczna! gdy ja dzisiaj, w tych podniebnych górach|mickiewicz
Spadający w otchłanie i niknący w chmurach,|mickiewicz
Wstrzymuję krok, wiecznymi utrudzony lody,|mickiewicz
I oczy przecierając z lejącej się wody,|mickiewicz
Szukam północnej gwiazdy na zamglonym niebie,|mickiewicz
Szukam Litwy i domku twojego, i ciebie;|mickiewicz
Niewdzięczna! może dzisiaj, królowa biesiady,|mickiewicz
Ty w tańcu rej prowadzisz wesołej gromady,|mickiewicz
Lub może się nowymi miłostkami bawisz,|mickiewicz
Lub o naszych miłostkach śmiejąca się prawisz,|mickiewicz
Powiedz, czyś ty szczęśliwsza, że ciebie poddani,|mickiewicz
Niewolnicze schylając karki, zowią  P a n i !|mickiewicz
Że cię rozkosz usypia i wesołość budzi,|mickiewicz
I że cię nawet żadna pamiątka nie nudzi?|mickiewicz
Czy byłabyś szczęśliwsza, gdybyś, moja miła,|mickiewicz
Wiernego ci wygnańca przygody dzieliła?|mickiewicz
Ach! ja bym cię za rękę po tych skałach wodził,|mickiewicz
Ja bym trudy podróżne piosenkami słodził,|mickiewicz
Ja bym pierwszy w ryczące rzucał się strumienie|mickiewicz
I pod twą nóżkę z wody dostawał kamienie,|mickiewicz
I przeszłaby twa nóżka wodą nie dotknięta,|mickiewicz
A całowaniem twoje ogrzałbym rączęta.|mickiewicz
Spoczynek by nas czekał pod góralską chatą;|mickiewicz
Tam zwleczoną z mych barków okryłbym cię szatą.|mickiewicz
A ty byś przy pasterskim usiadłszy płomieniu|mickiewicz
Usnęła i zbudziła na moim ramieniu.  |mickiewicz
Znaszli ten kraj,   Gdzie cytryna dojrzewa,|mickiewicz
Pomarańcz blask  Majowe złoci drzewa?|mickiewicz
Gdzie wieńcem bluszcz  Ruiny dawne stroi,|mickiewicz
Gdzie buja laur  I cyprys cicho stoi;|mickiewicz
Znaszli ten kraj?   Ach, tam, o moja miła!|mickiewicz
Tam był mi raj,   Pókiś ty ze mną była!|mickiewicz
Znaszli ten gmach,   Gdzie wielkich sto podwoi,|mickiewicz
Gdzie kolumn rząd   I tłum posągów stoi,|mickiewicz
A wszystkie mnie   Witają twarzą białą:|mickiewicz
Pielgrzymie nasz,   Ach, co się z tobą stało!|mickiewicz
Znaszli ten kraj? –    Ach, tam, o moja miła!|mickiewicz
Tam był mi raj,   Pókiś ty ze mną była! |mickiewicz
Znaszli ten brzeg,   Gdzie po skalistych górach|mickiewicz
Strudzony muł   Swej drogi szuka w chmurach,|mickiewicz
Gdzie w głębi jam   Płomieniem wrą opoki,|mickiewicz
A z wierzchu skał   W kaskadach grzmią potoki;|mickiewicz
Znaszli ten kraj?   Ach, tu, o moja miła!|mickiewicz
Tu byłby raj,   Gdybyś ty ze mną była!|mickiewicz
Precz z moich oczu!... posłucham od razu, |mickiewicz
Precz z mego serca!... i serce posłucha, |mickiewicz
Precz z mej pamięci!... nie... tego rozkazu |mickiewicz
Moja i twoja pamięć nie posłucha.|mickiewicz
Jak cień tym dłuższy, gdy padnie z daleka,|mickiewicz
Tym szerzej koło żałobne roztoczy...|mickiewicz
Tak moja postać, im dalej ucieka,|mickiewicz
Tym grubszym kirem twą pamięć pomroczy.|mickiewicz
Na każdym miejscu i o każdej dobie,|mickiewicz
Gdziem z tobą płakał, gdziem się z tobą bawił, |mickiewicz
Wszędzie i zawsze będę ja przy tobie,|mickiewicz
Bom wszędzie cząstkę mej duszy zostawił.|mickiewicz
Czy zadumana w samotnej komorze|mickiewicz
Do arfy zbliżysz nieumyślną rękę,|mickiewicz
Przypomnisz sobie: właśnie o tej porze |mickiewicz
Śpiewałam jemu tę samę piosenkę.|mickiewicz
Czy grając w szachy, gdy pierwszymi ściegi |mickiewicz
Śmiertelna złowi króla twego matnia,|mickiewicz
Pomyślisz sobie: tak stały szeregi,|mickiewicz
Gdy się skończyła nasza gra ostatnia.|mickiewicz
Czy to na balu w chwilach odpoczynku |mickiewicz
Siędziesz, nim muzyk tańce zapowiedział, |mickiewicz
Obaczysz próżne miejsce przy kominku, |mickiewicz
Pomyślisz sobie: on tam ze mną siedział.|mickiewicz
Czy książkę weźmiesz, gdzie smutnym wyrokiem |mickiewicz
Stargane ujrzysz kochanków nadzieje,|mickiewicz
Złożywszy książkę z westchnieniem głębokiem |mickiewicz
Pomyślisz sobie: ach! to nasze dzieje...|mickiewicz
A jeśli autor po zawiłej probie |mickiewicz
Parę miłośną na ostatek złączył,|mickiewicz
Zagasisz świecę i pomyślisz sobie:|mickiewicz
Czemu nasz romans tak się nie zakończył?...|mickiewicz
O matko Polko! gdy u syna twego|mickiewicz
W źrenicach błyszczy genijuszu świetność,|mickiewicz
Jeśli mu patrzy z czoła dziecinnego|mickiewicz
Dawnych Polaków duma i szlachetność;|mickiewicz
Jeśli rzuciwszy rówienników grono|mickiewicz
Do starca bieży, co mu dumy pieje,|mickiewicz
Jeżeli słucha z głową pochyloną,|mickiewicz
Kiedy mu przodków powiadają dzieje:|mickiewicz
O matko Polko! źle się twój syn bawi!|mickiewicz
Klęknij przed Matki Boleśnej obrazem|mickiewicz
I na miecz patrzaj, co Jej serce krwawi:|mickiewicz
Takim wróg piersi twe przeszyje razem!|mickiewicz
Bo choć w pokoju zakwitnie świat cały,|mickiewicz
Choć się sprzymierzą rządy, ludy, zdania,|mickiewicz
Syn twój wyzwany do boju bez chwały|mickiewicz
I do męczeństwa... bez zmartwychpowstania.|mickiewicz
Każże mu wcześnie w jaskinią samotną|mickiewicz
Iść na dumanie... zalegać rohoże,|mickiewicz
Oddychać parą zgniłą i wilgotną|mickiewicz
I z jadowitym gadem dzielić łoże.|mickiewicz
Tam się nauczy pod ziemię kryć z gniewem|mickiewicz
I być jak otchłań w myśli niedościgły;|mickiewicz
Mową truć z cicha, jak zgniłym wyziewem,|mickiewicz
Postać mieć skromną jako wąż wystygły.|mickiewicz
Nasz Odkupiciel, dzieckiem w Nazarecie,|mickiewicz
Piastował krzyżyk, na którym świat zbawił.|mickiewicz
O Matko Polko! ja bym twoje dziecię|mickiewicz
Przyszłymi jego zabawkami bawił.|mickiewicz
Wcześnie mu ręce okręcaj łańcuchem,|mickiewicz
Do taczkowego każ zaprzęgać woza,|mickiewicz
By przed katowskim nie zbladnął obuchem|mickiewicz
Ani się spłonił na widok powroza;|mickiewicz
Bo on nie pójdzie, jak dawni rycerze,|mickiewicz
Utkwić zwycięski krzyż w Jeruzalemie,|mickiewicz
Albo jak świata nowego żołnierze|mickiewicz
Na wolność orać... krwią polewać ziemię.|mickiewicz
Mój cicerone! oto na pomniku|mickiewicz
Jakieś niekształtne, nieznajome imię|mickiewicz
Wędrownik skreślił na znak, że był w Rzymie...|mickiewicz
Ja chcę coś wiedzieć o tym wędrowniku.|mickiewicz
Może go wkrótce przyjmie do gospody|mickiewicz
Kłótliwa fala; może piasek niemy|mickiewicz
Zatai jego życie i przygody,|mickiewicz
I nigdy o nim nic się nie dowiemy...|mickiewicz
Ja chcę odgadnąć, co on czuł i myślił,|mickiewicz
Gdy w księdze twojej śród włoskiej krainy|mickiewicz
Za cały napis to imię wykréślił,|mickiewicz
Na drodze życia ten swój ślad jedyny.|mickiewicz
Czy drżącą ręką po długiem dumaniu,|mickiewicz
Rył go powoli, jak nagrobek w skale?|mickiewicz
Czy go odchodząc uronił niedbale,|mickiewicz
Jako samotną łzę przy pożegnaniu?...|mickiewicz
Mój cicerone! dziecinne masz lice,|mickiewicz
Lecz mądrość stara świeci nad twem czołem;|mickiewicz
Przez rzymskie bramy, groby i świątnice,|mickiewicz
Tyś przewodniczym był dla mie aniołem.|mickiewicz
Ty umiesz przejrzeć nawet w serca z głazu;|mickiewicz
Gdy błękitnemi raz rzucisz oczyma,|mickiewicz
Odgadniesz przeszłość z jednego wyrazu...|mickiewicz
Ach — ty wiesz może i przyszłość pielgrzyma!...|mickiewicz
Niemnie, domowa rzeko moja! gdzie są wody,|mickiewicz
Do których przez kwieciste skakaliśmy błonie|mickiewicz
I któreśmy czerpali w młodociane dłonie|mickiewicz
Za napój lub za kąpiel spoconej jagody?|mickiewicz
Gdzie Laura, z chlubą patrząc na cień swej urody,|mickiewicz
Lubiła włos zaplatać lub zakwiecać skronie;|mickiewicz
Gdzie lica jej malowne w srebrnym fali łonie|mickiewicz
Nieraz mąciłem łzami, zapaleniec młody.|mickiewicz
Niemnie, domowa rzeko! gdzie są tamte zdroje,|mickiewicz
A z nimi tyle szczęścia, nadziei tak wiele?|mickiewicz
Gdzie jest spokojne latek dziecinnych wesele?|mickiewicz
Gdzie słodsze burzliwego wieku niepokoje?|mickiewicz
Kędy jest moja Laura, gdzie są przyjaciele?...|mickiewicz
Wszystko przeszło — a czemuż nie przejdą łzy moje?|mickiewicz
Gdy tu mój trup w pośrodku was zasiada,|mickiewicz
W oczy zagląda wam i głośno gada,|mickiewicz
Dusza w ten czas daleka, ach, daleka,|mickiewicz
Błąka się i narzeka, ach, narzeka.|mickiewicz
Jest u mnie kraj, ojczyzna myśli mojej,|mickiewicz
I liczne mam serca mego rodzeństwo,|mickiewicz
Piękniejszy kraj niż ten, co w oczach stoi,|mickiewicz
Rodzina milsza niż całe pokrewieństwo.|mickiewicz
Tam, wpośród prac i trosk, i wśród zabawy,|mickiewicz
Uciekam ja, tam siedzę pod jodłami,|mickiewicz
Tam leżę wśród bujnej i wonnej trawy,|mickiewicz
Tam pędzę za wróblami, motylami – |mickiewicz
Tam widzę ją, jak z ganku biała stąpa,|mickiewicz
Jak ku nam w las śród łąk zielonych leci,|mickiewicz
I wpośród zbóż jak w toni wód się kąpa,|mickiewicz
I ku nam z gór jako jutrzenka świeci. Zbrodnia to niesłychana,|mickiewicz
Pani zabija pana;|mickiewicz
Zabiwszy grzebie w gaju,|mickiewicz
Na łączce przy ruczaju,|mickiewicz
Grób liliją zasiewa,|mickiewicz
Zasiewając tak śpiewa:|mickiewicz
„Rośnij kwiecie wysoko,|mickiewicz
Jak pan leży głęboko;|mickiewicz
Jak pan leży głęboko,|mickiewicz
Tak ty rośnij wysoko”.|mickiewicz
W nieczułej, ale niespokojnej dumie|mickiewicz
Usnęli mędrcy — wtem odgłos ich budzi,|mickiewicz
Że Bóg widomie objawił się w tłumie|mickiewicz
I o wieczności przemawia do ludzi:|mickiewicz
«Zabić go — rzekli — spokojność nam miesza;|mickiewicz
Lecz zabić we dnie? — obroni go rzesza.»|mickiewicz
Więc mędrcy w nocy lampy zapalali|mickiewicz
I na swych księgach ostrzyli rozumy|mickiewicz
Zimne i twarde jak miecze ze stali;|mickiewicz
I wziąwszy z sobą uczniów ślepych tłumy|mickiewicz
Szli łowić Boga — a zdrada na przedzie|mickiewicz
Prostą ich drogą, ale zgubną wiedzie.|mickiewicz
«Tyś to?» — krzyknęli na Maryi syna. —|mickiewicz
«Jam» — odpowiedział, i mędrcy pobladli:|mickiewicz
«Ty jesteś?» — «Jam jest.» — Służalców drużyna|mickiewicz
Uciekła w trwodze, mędrcy na twarz padli.|mickiewicz
Lecz widząc, że Bóg straszy, a nie karze,|mickiewicz
Wstali przelękli, więc srożsi zbrodniarze.|mickiewicz
I tajemnicze szaty z Boga zwlekli,|mickiewicz
I szyderstwami ciało jego siekli,|mickiewicz
I rozumami serce mu przebodli:|mickiewicz
A Bóg ich kocha i za nich się modli!|mickiewicz
Aż gdy do grobu duma go złożyła,|mickiewicz
Wyszedł z ich duszy, ciemnej jak mogiła.|mickiewicz
Spełnili mędrcy na Boga pogrzebie|mickiewicz
Kielich swej pychy. — Natura w rozruchu|mickiewicz
Drżała o Boga. — Lecz pokój był w niebie:|mickiewicz
Bóg żyje, tylko umarł w mędrców duchu.|mickiewicz
Nad wodą wielką i czystą|mickiewicz
Stały rzędami opoki,|mickiewicz
I woda tonią przejrzystą|mickiewicz
Odbiła twarze ich czarne;|mickiewicz
 Nad wodą wielką i czystą|mickiewicz
Przebiegły czarne obłoki|mickiewicz
I woda tonią przejrzystą|mickiewicz
Odbiła kształty ich marne;|mickiewicz
 Nad wodą wielką i czystą|mickiewicz
Błysnęło wzdłuż i grom ryknął,|mickiewicz
I woda tonią przejrzystą|mickiewicz
Odbiła światło, głos zniknął.|mickiewicz
A woda, jak dawniej czysta,|mickiewicz
Stoi wielka i przejrzysta.|mickiewicz
 Tę wodę widzę dokoła|mickiewicz
I wszystko wiernie odbijam,|mickiewicz
I dumne opoki czoła,|mickiewicz
I błyskawice pomijam.|mickiewicz
 Skałom trzeba stać i grozić,|mickiewicz
Obłokom deszcze przewozić,|mickiewicz
Błyskawicom grzmieć i ginąć,|mickiewicz
Mnie płynąć, płynąć i płynąć —|mickiewicz
Potem cała skrwawiona,|mickiewicz
Męża zbójczyni żona,|mickiewicz
Bieży przez łąki, przez knieje,|mickiewicz
I górą, i dołem, i górą;|mickiewicz
Zmrok pada, wietrzyk wieje;|mickiewicz
Ciemno, wietrzno, ponuro.|mickiewicz
Wrona gdzieniegdzie kracze|mickiewicz
I puchają puchacze.|mickiewicz
Bieży w dół do strumyka,|mickiewicz
Gdzie stary rośnie buk,|mickiewicz
Do chatki pustelnika,|mickiewicz
Stuk stuk, stuk stuk.|mickiewicz
„Kto tam?” – spadła zapora,|mickiewicz
Wychodzi starzec, świeci;|mickiewicz
Pani na kształt upiora|mickiewicz
Z krzykiem do chatki leci.|mickiewicz
„Ha! ha!” – zsiniałe usta,|mickiewicz
Oczy przewraca w słup,|mickiewicz
Drżąca, zbladła jak chusta;|mickiewicz
„Ha! mąż, ha! trup!”|mickiewicz
– Niewiasto, Pan Bóg z tobą,|mickiewicz
Co ciebie tutaj niesie,|mickiewicz
Wieczorną słotną dobą,|mickiewicz
Co robisz sama w lesie?”|mickiewicz
– „Tu za lasem, za stawem,|mickiewicz
Błyszczą mych zamków ściany,|mickiewicz
Mąż z królem Bolesławem|mickiewicz
Poszedł na Kijowiany.|mickiewicz
Lato za latem bieży,|mickiewicz
Nie masz go z bojowiska;|mickiewicz
Ja młoda śród młodzieży,|mickiewicz
A droga cnoty śliska!|mickiewicz
Nie dochowałam wiary,|mickiewicz
Ach! biada mojej głowie!|mickiewicz
Król srogie głosi kary;|mickiewicz
Powrócili mężowie.|mickiewicz
Ha! ha! mąż się nie dowie!|mickiewicz
Oto krew! oto nóż!|mickiewicz
Po nim już, po nim już!|mickiewicz
Starcze, wyznałam szczerze.|mickiewicz
Ty głoś świętymi usty,|mickiewicz
Jakie mówić pacierze,|mickiewicz
Gdzie mam iść na odpusty.|mickiewicz
Ach, pójdę aż do piekła,|mickiewicz
Zniosę bicze, pochodnie,|mickiewicz
Byleby moję zbrodnię|mickiewicz
Wieczysta noc powlekła”.|mickiewicz
– „Niewiasto –  rzecze stary –|mickiewicz
Więc ci nie żal rozboju,|mickiewicz
Ale tylko strach kary?|mickiewicz
Idźże sobie w pokoju,|mickiewicz
Rzuć bojaźń, rozjaśń lica,|mickiewicz
Wieczna twa tajemnica.|mickiewicz
Bo takie sądy boże,|mickiewicz
Iż co ty zrobisz skrycie,|mickiewicz
Mąż tylko wydać może;|mickiewicz
A mąż twój stracił życie”.|mickiewicz
Pani z wyroku rada,|mickiewicz
Jak wpadła, tak wypada;|mickiewicz
Bieży nocą do domu|mickiewicz
Nic nie mówiąc nikomu.|mickiewicz
Stoją dzieci przed bramą.|mickiewicz
„Mamo – wołają – Mamo!|mickiewicz
A gdzie został nasz tato?”|mickiewicz
– „Nieboszczyk? co? wasz tato?” –|mickiewicz
Nie wie, co mówić na to.|mickiewicz
– „Został w lesie za dworem,|mickiewicz
Powróci dziś wieczorem”.|mickiewicz
Czekają wieczór dzieci;|mickiewicz
Czekają drugi, trzeci,|mickiewicz
Czekają tydzień cały;|mickiewicz
Nareszcie zapomniały.|mickiewicz
Pani zapomnieć trudno,|mickiewicz
Nie wygnać z myśli grzechu.|mickiewicz
Zawsze na sercu nudno,|mickiewicz
Nigdy na ustach śmiechu,|mickiewicz
Nigdy snu na źrenicy!|mickiewicz
Bo często w nocnej porze|mickiewicz
Coś stuka się na dworze,|mickiewicz
Coś chodzi po świetlicy.|mickiewicz
„Dzieci – woła –  to ja to,|mickiewicz
To ja, dzieci, wasz tato!”|mickiewicz
Noc przeszła, zasnąć trudno.|mickiewicz
Nie wygnać z myśli grzechu.|mickiewicz
Zawsze na sercu nudno,|mickiewicz
Nigdy na ustach śmiechu.|mickiewicz
– „Idź, Hanko, przez dziedziniec.|mickiewicz
Słyszę tętent na moście,|mickiewicz
I kurzy się gościniec;|mickiewicz
Czy nie jadą tu goście?|mickiewicz
Idź na gościniec i w las,|mickiewicz
Czy kto nie jedzie do nas?”|mickiewicz
Jadą, jadą w tę stronę,|mickiewicz
Tuman na drodze wielki,|mickiewicz
Rżą, rżą koniki wrone,|mickiewicz
Ostre błyszczą szabelki.|mickiewicz
Jadą, jadą panowie,|mickiewicz
Nieboszczyka bratowie!|mickiewicz
– „A witajże, czy zdrowa?|mickiewicz
Witajże nam, bratowa.|mickiewicz
Gdzie brat?” – „Nieboszczyk brat,|mickiewicz
Już pożegnał ten świat”.|mickiewicz
–  „Kiedy?” – „Dawno, rok minął,|mickiewicz
Umarł... na wojnie zginął”.|mickiewicz
– „To kłamstwo, bądź spokojna!|mickiewicz
Już skończyła się wojna;|mickiewicz
Brat zdrowy i ochoczy,|mickiewicz
Ujrzysz go na twe oczy”.|mickiewicz
Pani ze strachu zbladła,|mickiewicz
Zemdlała i upadła,|mickiewicz
Oczy przewraca w słup,|mickiewicz
Z trwogą dokoła rzuca.|mickiewicz
–  „Gdzie on? gdzie mąż? gdzie trup?”|mickiewicz
Powoli się ocuca;|mickiewicz
Mdlała niby z radości|mickiewicz
I pytała u gości:|mickiewicz
„Gdzie mąż, gdzie me kochanie,|mickiewicz
Kiedy przede mną stanie?”|mickiewicz
–  „Powracał razem z nami,|mickiewicz
Lecz przodem chciał pośpieszyć,|mickiewicz
Nas przyjąć z rycerzami|mickiewicz
I twoje łzy pocieszyć.|mickiewicz
Dziś, jutro pewnie będzie,|mickiewicz
Pewnie kędyś w obłędzie|mickiewicz
Ubite minął szlaki.|mickiewicz
Zaczekajmy dzień jaki,|mickiewicz
Poszlemy szukać wszędzie,|mickiewicz
Dziś, jutro pewnie będzie”.|mickiewicz
Posłali wszędzie sługi,|mickiewicz
Czekali dzień i drugi,|mickiewicz
Gdy nic nie doczekali,|mickiewicz
Z płaczem chcą jechać daléj.|mickiewicz
Zachodzi drogę pani:|mickiewicz
–  „Bracia moi kochani,|mickiewicz
Jesień zła do podróży,|mickiewicz
Wiatry, słoty i deszcze.|mickiewicz
Wszak czekaliście dłużéj,|mickiewicz
Czekajcie trochę jeszcze”.|mickiewicz
Czekają. Przeszła zima,|mickiewicz
Brata nié ma i nié ma.|mickiewicz
Czekają; myślą sobie:|mickiewicz
Może powróci z wiosną?|mickiewicz
A on już leży w grobie,|mickiewicz
A nad nim kwiatki rosną,|mickiewicz
A rosną tak wysoko,|mickiewicz
Jak on leży głęboko.|mickiewicz
I wiosnę przeczekali,|mickiewicz
I już nie jadą daléj.|mickiewicz
Do smaku im gospoda,|mickiewicz
Bo gospodyni młoda;|mickiewicz
Że chcą jechać, udają,|mickiewicz
A tymczasem czekają;|mickiewicz
Czekają aż do lata,|mickiewicz
Zapominają brata.|mickiewicz
Do smaku im gospoda|mickiewicz
I gospodyni młoda.|mickiewicz
Jak dwaj u niej gościli,|mickiewicz
Tak ją dwaj polubili.|mickiewicz
Obu nadzieja łechce,|mickiewicz
Obadwaj zjęci trwogą,|mickiewicz
Żyć bez niej żaden nie chce,|mickiewicz
Żyć z nią obaj nie mogą.|mickiewicz
Wreszcie na jedno zdani,|mickiewicz
Idą razem do pani.|mickiewicz
– „Słuchaj, pani bratowo,|mickiewicz
Przyjm dobrze nasze słowo.|mickiewicz
My tu próżno siedzimy,|mickiewicz
Brata nie zobaczymy.|mickiewicz
Ty jeszcze jesteś młoda,|mickiewicz
Młodości twojej szkoda.|mickiewicz
Nie wiąż dla siebie świata,|mickiewicz
Wybierz brata za brata”.|mickiewicz
To rzekli i stanęli,|mickiewicz
Gniew ich i zazdrość piecze,|mickiewicz
Ten, to ów okiem strzeli,|mickiewicz
Ten, to ów słówko rzecze;|mickiewicz
Usta sine przycięli,|mickiewicz
W ręku ściskają miecze.|mickiewicz
Pani ich widzi w gniewie,|mickiewicz
Co mówić, sama nie wie.|mickiewicz
Prosi o chwilkę czasu,|mickiewicz
Bieży zaraz do lasu.|mickiewicz
Bieży w dół do strumyka,|mickiewicz
Gdzie stary rośnie buk,|mickiewicz
Do chatki pustelnika,|mickiewicz
Stuk stuk, stuk stuk!|mickiewicz
Całą mu rzecz wykłada,|mickiewicz
Pyta się, co za rada?|mickiewicz
„Ach, jak pogodzić braci?|mickiewicz
Chcą mojej ręki oba?|mickiewicz
Ten i ten się podoba:|mickiewicz
Lecz kto weźmie? kto straci?|mickiewicz
Ja mam maleńkie dziatki,|mickiewicz
I wioski, i dostatki,|mickiewicz
Dostatek się zmitręża,|mickiewicz
Gdy zostałam bez męża.|mickiewicz
Lecz, ach! nie dla mnie szczęście!|mickiewicz
Nie dla mnie już zamęście!|mickiewicz
Boża nade mną kara,|mickiewicz
Ściga mnie nocna mara,|mickiewicz
Zaledwie przymknę oczy,|mickiewicz
Traf, traf, klamka odskoczy;|mickiewicz
Budzę się, widzę, słyszę,|mickiewicz
Jak idzie i jak dysze,|mickiewicz
Jak dysze i jak tupa,|mickiewicz
Ach, widzę, słyszę trupa!|mickiewicz
Skrzyp, skrzyp, i już nad łożem|mickiewicz
Skrwawionym sięga nożem,|mickiewicz
I iskry z gęby sypie,|mickiewicz
I ciągnie mię, i szczypie.|mickiewicz
Ach, dosyć, dosyć strachu,|mickiewicz
Nie siedzieć mnie w tym gmachu,|mickiewicz
Nie dla mnie świat i szczęście,|mickiewicz
Nie dla mnie już zamęście!”|mickiewicz
„Córko –  rzecze jej stary –|mickiewicz
Nie masz zbrodni bez kary.|mickiewicz
Lecz jeśli szczera skrucha,|mickiewicz
Zbrodniarzów Pan Bóg słucha.|mickiewicz
Znam ja tajnie wyroku,|mickiewicz
Miłą ci rzecz obwieszczę;|mickiewicz
Choć mąż zginął od roku,|mickiewicz
Ja go wskrzeszę dziś jeszcze”.|mickiewicz
–  „Co, co? jak, jak? mój ojcze!|mickiewicz
Nie czas już, ach, nie czas!|mickiewicz
To żelazo zabojcze|mickiewicz
Na wieki dzieli nas!|mickiewicz
Ach, znam, żem warta kary,|mickiewicz
I zniosę wszelkie kary,|mickiewicz
Byle się pozbyć mary.|mickiewicz
Zrzekę się mego zbioru|mickiewicz
I pójdę do klasztoru,|mickiewicz
I pójdę w ciemny las.|mickiewicz
Nie, nie wskrzeszaj, mój ojcze!|mickiewicz
Nie czas już, ach, nie czas,|mickiewicz
To żelazo zabojcze|mickiewicz
Na wieki dzieli nas!”|mickiewicz
Starzec westchnął głęboko|mickiewicz
I łzami zalał oko,|mickiewicz
Oblicze skrył w zasłonie,|mickiewicz
Drżące załamał dłonie.|mickiewicz
–  „Idź za mąż, póki pora,|mickiewicz
Nie lękaj się upiora.|mickiewicz
Martwy się nie ocuci,|mickiewicz
Twarda wieczności brama;|mickiewicz
I mąż twój nie powróci,|mickiewicz
Chyba zawołasz sama”.|mickiewicz
–  „Lecz jak pogodzić braci?|mickiewicz
Kto weźmie, a kto straci?”|mickiewicz
–  „Najlepsza będzie droga|mickiewicz
Zdać się na los i Boga.|mickiewicz
Niechajże z ranną rosą|mickiewicz
Pójdą i kwiecie zniosą.|mickiewicz
Niech każdy weźmie kwiecie|mickiewicz
I wianek tobie splecie,|mickiewicz
I niechaj doda znaki,|mickiewicz
Żeby poznać, czyj jaki,|mickiewicz
I pójdzie w kościoł boży,|mickiewicz
I na ołtarzu złoży.|mickiewicz
Czyj pierwszy weźmiesz wianek,|mickiewicz
Ten mąż twój, ten kochanek”.|mickiewicz
Pani z przestrogi rada,|mickiewicz
Już do małżeństwa skora,|mickiewicz
Nie boi się upiora;|mickiewicz
Bo w myśli swej układa|mickiewicz
Nigdy w żadnej potrzebie|mickiewicz
Nie wołać go do siebie.|mickiewicz
I z tych układów rada,|mickiewicz
Jak wpadła, tak wypada.|mickiewicz
Bieży prosto do domu|mickiewicz
Nic nie mówiąc nikomu.|mickiewicz
Bieży przez łąki, przez gaje,|mickiewicz
I bieży, i staje,|mickiewicz
I staje, i myśli, i słucha:|mickiewicz
Zda się, że ją ktoś goni|mickiewicz
I że coś szepce do niéj,|mickiewicz
Wokoło ciemność głucha:|mickiewicz
–  „To ja, twój mąż, twój mąż!”|mickiewicz
I staje, i myśli, i słucha,|mickiewicz
Słucha, zrywa się, bieży,|mickiewicz
Włos się na głowie jeży,|mickiewicz
W tył obejrzeć się lęka,|mickiewicz
Coś wciąż po krzakach stęka,|mickiewicz
Echo powtarza wciąż:|mickiewicz
„To ja, twój mąż, twój mąż!”|mickiewicz
Lecz zbliża się niedziela,|mickiewicz
Zbliża się czas wesela.|mickiewicz
Zaledwie słońce wschodzi,|mickiewicz
Wybiegają dwaj młodzi.|mickiewicz
Pani, śród dziewic grona|mickiewicz
Do ślubu prowadzona,|mickiewicz
Wystąpi śród kościoła|mickiewicz
I bierze pierwszy wianek,|mickiewicz
Obnosi go dokoła:|mickiewicz
„Oto w wieńcu lilije,|mickiewicz
Ach, czyjeż to są, czyje?|mickiewicz
Kto mój mąż, kto kochanek?”|mickiewicz
Wybiega starszy brat,|mickiewicz
Radość na licach płonie,|mickiewicz
Skacze i klaszcze w dłonie:|mickiewicz
„Tyś moja, mój to kwiat!|mickiewicz
Między liliji kręgi|mickiewicz
Uplotłem wstążek zwój,|mickiewicz
To znak, to moje wstęgi!|mickiewicz
To mój, to mój, to mój!”|mickiewicz
–  „Kłamstwo! – drugi zawoła –|mickiewicz
Wyjdźcie tylko z kościoła,|mickiewicz
Miejsce widzieć możecie,|mickiewicz
Kędy rwałem to kwiecie.|mickiewicz
Rwałem na łączce w gaju,|mickiewicz
Na grobie przy ruczaju,|mickiewicz
Okażę grób i zdrój,|mickiewicz
To mój, to mój, to mój!”|mickiewicz
Kłócą się źli młodzieńce,|mickiewicz
Ten mówi, ten zaprzecza;|mickiewicz
Dobyli z pochew miecza;|mickiewicz
Wszczyna się srogi bój,|mickiewicz
Szarpią do siebie wieńce:|mickiewicz
„To mój, to mój, to mój!”|mickiewicz
Wtem drzwi kościoła trzasły,|mickiewicz
Wiatr zawiał, świece zgasły,|mickiewicz
Wchodzi osoba w bieli,|mickiewicz
Znany chód, znana zbroja,|mickiewicz
Staje, wszyscy zadrżeli,|mickiewicz
Staje, patrzy ukosem,|mickiewicz
Podziemnym woła głosem:|mickiewicz
„Mój wieniec i ty moja!|mickiewicz
Kwiat na mym rwany grobie,|mickiewicz
Mnie, księże, stułą wiąż;|mickiewicz
Zła żono, biada tobie!|mickiewicz
To ja, twój mąż, twój mąż!|mickiewicz
Źli bracia, biada obu!|mickiewicz
Z mego rwaliście grobu,|mickiewicz
Zawieście krwawy bój.|mickiewicz
To ja, twój mąż, wasz brat,|mickiewicz
Wy moi, wieniec mój,|mickiewicz
Dalej na tamten świat!”|mickiewicz
Wstrzęsła się cerkwi posada,|mickiewicz
Z zrębu wysuwa się zrąb,|mickiewicz
Sklep trzeszczy, głąb zapada,|mickiewicz
Cerkiew zapada w głąb.|mickiewicz
Ziemia ją z wierzchu kryje,|mickiewicz
Na niej rosną lilije,|mickiewicz
A rosną tak wysoko,|mickiewicz
Jak pan leżał głęboko.|mickiewicz
Wyzwanie przyszle mu szpieg nieznajomy,|mickiewicz
Walkę z nim stoczy sąd krzywoprzysiężny,|mickiewicz
A placem boju będzie dół kryjomy,|mickiewicz
A wyrok o nim wyda wróg potężny.|mickiewicz
Zwyciężonemu za pomnik grobowy|mickiewicz
Zostaną sucha drewna szubienicy,|mickiewicz
Za całą sławę krótki płacz kobiécy|mickiewicz
I długie nocne rodaków rozmowy.|mickiewicz
Bez serc, bez ducha, to szkieletów ludy;|mickiewicz
Młodości! dodaj mi skrzydła!|mickiewicz
Niech nad martwym wzlecę światem|mickiewicz
W rajską dziedzinę ułudy: Kędy zapał tworzy cudy,|mickiewicz
Nowości potrząsa kwiatem I obleka w nadziei złote malowidła.|mickiewicz
Niechaj, kogo wiek zamroczy,|mickiewicz
Chyląc ku ziemi poradlone czoło,|mickiewicz
Takie widzi świata koło,|mickiewicz
Jakie tępymi zakreśla oczy.|mickiewicz
Młodości! ty nad poziomy|mickiewicz
Wylatuj, a okiem słońca|mickiewicz
Ludzkości całe ogromy|mickiewicz
Przeniknij z końca do końca.|mickiewicz
Patrz na dół - kędy wieczna mgła zaciemia|mickiewicz
Obszar gnuśności zalany odmętem;|mickiewicz
To ziemia!|mickiewicz
Patrz. jak nad jej wody trupie|mickiewicz
Wzbił się jakiś płaz w skorupie.|mickiewicz
Sam sobie sterem, żeglarzem, okrętem;|mickiewicz
Goniąc za żywiołkami drobniejszego płazu,|mickiewicz
To się wzbija, to w głąb wali;|mickiewicz
Nie lgnie do niego fala, ani on do fali;|mickiewicz
A wtem jak bańka prysnął o szmat głazu.|mickiewicz
Nikt nie znał jego życia, nie zna jego zguby:|mickiewicz
To samoluby!|mickiewicz
Młodości! tobie nektar żywota|mickiewicz
Natenczas słodki, gdy z innymi dzielę:|mickiewicz
Serca niebieskie poi wesele,|mickiewicz
Kiedy je razem nić powiąże złota.|mickiewicz
Razem, młodzi przyjaciele!...|mickiewicz
W szczęściu wszystkiego są wszystkich cele;|mickiewicz
Jednością silni, rozumni szałem,|mickiewicz
Razem, młodzi przyjaciele!...|mickiewicz
I ten szczęśliwy, kto padł wśród zawodu,|mickiewicz
Jeżeli poległym ciałem|mickiewicz
Dał innym szczebel do sławy grodu.|mickiewicz
Razem, młodzi przyjaciele!...|mickiewicz
Choć droga stroma i śliska,|mickiewicz
Gwałt i słabość bronią wchodu:|mickiewicz
Gwałt niech się gwałtem odciska,|mickiewicz
A ze słabością łamać uczmy się za młodu!|mickiewicz
Dzieckiem w kolebce kto łeb urwał|mickiewicz
Hydrze, Ten młody zdusi Centaury,|mickiewicz
Piekłu ofiarę wydrze,|mickiewicz
Do nieba pójdzie po laury.|mickiewicz
Tam sięgaj, gdzie wzrok nie sięga;|mickiewicz
Łam, czego rozum nie złamie:|mickiewicz
Młodości! orla twych lotów potęga,|mickiewicz
Jako piorun twoje ramię.|mickiewicz
Hej! ramię do ramienia! spólnymi łańcuchy|mickiewicz
Opaszmy ziemskie kolisko!|mickiewicz
Zestrzelmy myśli w jedno ognisko|mickiewicz
I w jedno ognisko duchy!...|mickiewicz
Dalej, bryło, z posad świata!|mickiewicz
Nowymi cię pchniemy tory,|mickiewicz
Aż opleśniałej zbywszy się kory,|mickiewicz
Zielone przypomnisz lata.|mickiewicz
A jako w krajach zamętu i nocy,|mickiewicz
Skłóconych żywiołów waśnią,|mickiewicz
Jednym "stań się" z bożej mocy|mickiewicz
Świat rzeczy stanął na zrębie;|mickiewicz
Szumią wichry, cieką głębie,|mickiewicz
A gwiazdy błękit rozjaśnią -|mickiewicz
W krajach ludzkości jeszcze noc głucha:|mickiewicz
Żywioły chęci jeszcze są w wojnie;|mickiewicz
Oto miłość ogniem zionie,|mickiewicz
Wyjdzie z zamętu świat ducha:|mickiewicz
Młodość go pocznie na swoim łonie,|mickiewicz
A przyjaźń w wieczne skojarzy spojnie.|mickiewicz
Pryskają nieczułe lody|mickiewicz
I przesądy światło ćmiące;|mickiewicz
Witaj, jutrzenko swobody,|mickiewicz
Zbawienia za tobą słońce!|mickiewicz
Litwo! Ojczyzno moja! ty jesteś jak zdrowie.|mickiewicz
Ile cię trzeba cenić, ten tylko się dowie,|mickiewicz
Kto cię stracił. Dziś piękność twą w całej ozdobie|mickiewicz
Widzę i opisuję, bo tęsknię po tobie.|mickiewicz
Panno Święta, co Jasnej bronisz Częstochowy|mickiewicz
I w Ostrej świecisz Bramie! Ty, co gród zamkowy|mickiewicz
Nowogródzki ochraniasz z jego wiernym ludem!|mickiewicz
Jak mnie dziecko do zdrowia powróciłaś cudem|mickiewicz
(Gdy od płaczącej matki pod Twoję opiekę|mickiewicz
Ofiarowany, martwą podniosłem powiekę|mickiewicz
I zaraz mogłem pieszo do Twych świątyń progu|mickiewicz
Iść za wrócone życie podziękować Bogu),|mickiewicz
Tak nas powrócisz cudem na Ojczyzny łono.|mickiewicz
Tymczasem przenoś moję duszę utęsknioną|mickiewicz
Do tych pagórków leśnych, do tych łąk zielonych,|mickiewicz
Szeroko nad błękitnym Niemnem rozciągnionych;|mickiewicz
Do tych pól malowanych zbożem rozmaitem,|mickiewicz
Wyzłacanych pszenicą, posrebrzanych żytem;|mickiewicz
Gdzie bursztynowy świerzop, gryka jak śnieg biała,|mickiewicz
Gdzie panieńskim rumieńcem dzięcielina pała,|mickiewicz
A wszystko przepasane, jakby wstęgą, miedzą|mickiewicz
Zieloną, na niej z rzadka ciche grusze siedzą.|mickiewicz
Jedzą, piją, lulki palą,|mickiewicz
Tańce, hulanka, swawola;|mickiewicz
Ledwie karczmy nie rozwalą,|mickiewicz
Cha cha, chi chi, hejza, hola!|mickiewicz
Twardowski siadł w końcu stoła,|mickiewicz
Podparł się w boki jak basza;|mickiewicz
«Hulaj dusza! hulaj!» – woła,|mickiewicz
Śmieszy, tumani, przestrasza.|mickiewicz
Żołnierzowi, co grał zucha,|mickiewicz
Wszystkich łaje i potrąca,|mickiewicz
Świsnął szablą koło ucha,|mickiewicz
Już z żołnierza masz zająca.|mickiewicz
Na patrona z trybunału,|mickiewicz
Co milczkiem wypróżniał rondel,|mickiewicz
Zadzwonił kieską pomału,|mickiewicz
Z patrona robi się kondel.|mickiewicz
Szewcu w nos wyciął trzy szczutki,|mickiewicz
Do łba przymknął trzy rureczki,|mickiewicz
Cmoknął, cmok, i gdańskiej wódki|mickiewicz
Wytoczył ze łba pół beczki.|mickiewicz
Wtem gdy wódkę pił z kielicha,|mickiewicz
Kielich zaświstał, zazgrzytał;|mickiewicz
Patrzy na dno: co u licha?|mickiewicz
Po coś tu, kumie, zawitał?|mickiewicz
Diablik to był w wódce na dnie,|mickiewicz
Istny Niemiec, sztuczka kusa;|mickiewicz
Skłonił się gościom układnie,|mickiewicz
Zdjął kapelusz i dał susa.|mickiewicz
Z kielicha aż na podłogę|mickiewicz
Pada, rośnie na dwa łokcie,|mickiewicz
Nos jak haczyk, kurzą nogę|mickiewicz
I krogulcze ma paznokcie.|mickiewicz
«A! Twardowski, witam, bracie.»|mickiewicz
To mówiąc bieży obcesem:|mickiewicz
«Cóż to, czyliż mię nie znacie?|mickiewicz
Jestem Mefistofelesem.|mickiewicz
Wszak ze mnąś na Łysej Górze|mickiewicz
Robił o duszę zapisy;|mickiewicz
Cyrograf na byczej skórze|mickiewicz
Podpisałeś ty, i bisy|mickiewicz
Miały słuchać twego rymu;|mickiewicz
Ty, jak dwa lata przebiegą,|mickiewicz
Miałeś pojechać do Rzymu,|mickiewicz
By cię tam porwać jak swego.|mickiewicz
Już i siedem lat uciekło,|mickiewicz
Cyrograf nadal nie służy;|mickiewicz
Ty czarami dręcząc piekło,|mickiewicz
Ani myślisz o podróży.|mickiewicz
Ale zemsta, choć leniwa,|mickiewicz
Nagnała cię w nasze sieci;|mickiewicz
Ta karczma Rzym się nazywa,|mickiewicz
Kładę areszt na waszeci.»|mickiewicz
Twardowski ku drzwióm się kwapił|mickiewicz
Na takie dictum acerbum;|mickiewicz
Diabeł za kontusz ułapił:|mickiewicz
«A gdzie jest nobile verbum?»|mickiewicz
Co tu począć? – kusa rada,|mickiewicz
Przyjdzie już nałożyć głową.|mickiewicz
Twardowski na koncept wpada|mickiewicz
I zadaje trudność nową.|mickiewicz
«Patrz w kontrakt, Mefistofilu,|mickiewicz
Tam warunki takie stoją: |mickiewicz
Po latach tylu a tylu,|mickiewicz
Gdy przyjdziesz brać duszę moją,|mickiewicz
Będę miał prawo trzy razy|mickiewicz
Zaprząc ciebie do roboty;|mickiewicz
A ty najtwardsze rozkazy|mickiewicz
Musisz spełnić co do joty.|mickiewicz
Patrz, oto jest karczmy godło,|mickiewicz
Koń malowany na płótnie;|mickiewicz
Ja chcę mu wskoczyć na siodło,|mickiewicz
A koń niech z kopyta utnie.|mickiewicz
Skręć mi przy tym biczyk z piasku,|mickiewicz
Żebym miał czym konia chłostać,|mickiewicz
I wymuruj gmach w tym lasku,|mickiewicz
Bym miał gdzie na popas zostać.|mickiewicz
Gmach będzie z ziarnek orzecha,|mickiewicz
Wysoki pod szczyt Krępaku,|mickiewicz
Z bród żydowskich ma być strzecha,|mickiewicz
Pobita nasieniem z maku.|mickiewicz
Patrz, oto na miarę ćwieczek,|mickiewicz
Cal gruby, długi trzy cale,|mickiewicz
W każde z makowych ziareczek|mickiewicz
Wbij mi takie trzy bratnale».|mickiewicz
Mefistofil duchem skoczy,|mickiewicz
Konia czyści, karmi, poi,|mickiewicz
Potem bicz z piasku utoczy|mickiewicz
I już w gotowości stoi.|mickiewicz
Twardowski dosiadł biegusa,|mickiewicz
Probuje podskoków, zwrotów,|mickiewicz
Stępa, galopuje, kłusa,|mickiewicz
Patrzy, aż i gmach już gotów.|mickiewicz
«No! wygrałeś, panie bisie;|mickiewicz
Lecz druga rzecz nic skończona:|mickiewicz
Trzeba skąpać się w tej misie,|mickiewicz
A to jest woda święcona».|mickiewicz
Diabeł kurczy się i krztusi,|mickiewicz
Aż zimny pot na nim bije;|mickiewicz
Lecz pan każe, sługa musi;|mickiewicz
Skąpał się biedak po szyję.|mickiewicz
Wyleciał potem jak z procy,|mickiewicz
Otrząsł się, dbrum! parsknął raźnie.|mickiewicz
«Teraz jużeś w naszej mocy,|mickiewicz
Najgorętsząm odbył łaźnię».|mickiewicz
«Jeszcze jedno, będzie kwita, |mickiewicz
Zaraz pęknie moc czartowska;|mickiewicz
Patrzaj, oto jest kobiéta,|mickiewicz
Moja żoneczka Twardowska.|mickiewicz
Ja na rok u Belzebuba|mickiewicz
Przyjmę za ciebie mieszkanie.|mickiewicz
Niech przez ten rok moja luba|mickiewicz
Z tobą jak z mężem zostanie.|mickiewicz
Przysiąż jej miłość, szacunek|mickiewicz
I posłuszeństwo bez granic;|mickiewicz
Złamiesz choć jeden warunek,|mickiewicz
Już cała ugoda za nic».|mickiewicz
Diabeł do niego pół ucha,|mickiewicz
Pół oka zwrócił do samki,|mickiewicz
Niby patrzy, niby słucha,|mickiewicz
Tymczasem już blisko klamki.|mickiewicz
Gdy mu Twardowski dokucza,|mickiewicz
Od drzwi, od okien odpycha,|mickiewicz
Czmychnąwszy dziurką od klucza,|mickiewicz
Dotąd jak czmycha, tak czmycha.|mickiewicz
Hej, użyjmy żywota!|mickiewicz
Wszak żyjem tylko raz;|mickiewicz
Niechaj ta czara złota|mickiewicz
Nie próżno wabi nas.|mickiewicz
Hejże do niej wesoło!|mickiewicz
Niechaj obiega w koło,|mickiewicz
Chwytaj i do dna chyl|mickiewicz
Zwiastunkę słodkich chwil!|mickiewicz
Po co tu obce mowy?|mickiewicz
Polski pijemy miód;|mickiewicz
Lepszy śpiew narodowy|mickiewicz
I lepszy bratni ród.|mickiewicz
W ksiąg greckich, rzymskich steki|mickiewicz
Wlazłeś, nie żebyś gnił;|mickiewicz
Byś bawił się jak Greki,|mickiewicz
A jak Rzymianin bił.|mickiewicz
Ot tam siedzą prawnicy,|mickiewicz
I dla nich puchar staw,|mickiewicz
Dzisiaj trzeba prawicy,|mickiewicz
A jutro trzeba praw.|mickiewicz
Wymowa wznieść nie zdoła|mickiewicz
Dziś na wolności szczyt;|mickiewicz
Gdzie przyjaźń, miłość woła,|mickiewicz
Tam, bracia, cyt! tam cyt!|mickiewicz
Kto metal kwasi, pali,|mickiewicz
Skwasi metal i czas;|mickiewicz
My ze złotych metali|mickiewicz
Bacha ciągnijmy kwas.|mickiewicz
Ten się śród mędrców liczy,|mickiewicz
Zna chemiją, ma gust,|mickiewicz
Kto pierwiastek słodyczy|mickiewicz
Z lubych wyciągnął ust.|mickiewicz
Mierzący świata drogi,|mickiewicz
Gwiazdy i nieba strop,|mickiewicz
Archimed był ubogi,|mickiewicz
Nie miał gdzie oprzeć stop.|mickiewicz
„Pójdźcie, o dziatki, pójdźcie wszystkie razem|mickiewicz
Za miasto, pod słup na wzgórek,|mickiewicz
Tam przed cudownym klęknijcie obrazem,|mickiewicz
Pobożnie zmówcie paciórek.|mickiewicz
Tato nie wraca; ranki i wieczory|mickiewicz
We łzach go czekam i trwodze;|mickiewicz
Rozlały rzeki, pełne zwierza bory|mickiewicz
I pełno zbójców na drodze”.|mickiewicz
Słysząc to dziatki biegą wszystkie razem,|mickiewicz
Za miasto, pod słup na wzgórek,|mickiewicz
Tam przed cudownym klękają obrazem|mickiewicz
I zaczynają paciórek.|mickiewicz
Całują ziemię, potem: „W imię Ojca,|mickiewicz
Syna i Ducha Świętego,|mickiewicz
Bądź pochwalona, przenajświętsza Trójca,|mickiewicz
Teraz i czasu wszelkiego”.|mickiewicz
Potem: Ojcze nasz i Zdrowaś, i Wierzę,|mickiewicz
Dziesięcioro i koronki,|mickiewicz
A kiedy całe zmówili pacierze,|mickiewicz
Wyjmą książeczkę z kieszonki.|mickiewicz
I litaniją do Najświętszej Matki|mickiewicz
Starszy brat śpiewa, a z bratem|mickiewicz
„Najświętsza Matko – przyśpiewują dziatki,|mickiewicz
Zmiłuj się, zmiłuj nad tatem!”|mickiewicz
Wtem słychać tarkot, wozy jadą drogą|mickiewicz
I wóz znajomy na przedzie;|mickiewicz
Skoczyły dzieci i krzyczą jak mogą:|mickiewicz
„Tato, ach, tato nasz jedzie!”|mickiewicz
Obaczył kupiec, łzy radośne leje,|mickiewicz
Z wozu na ziemię wylata;|mickiewicz
„Ha, jak się macie, co się u was dzieje?|mickiewicz
Czyście tęskniły do tata?|mickiewicz
Mama czy zdrowa? ciotunia? domowi?|mickiewicz
A ot rozynki w koszyku”.|mickiewicz
Ten sobie mówi, a ten sobie mówi,|mickiewicz
Pełno radości i krzyku.|mickiewicz
„Ruszajcie – kupiec na sługi zawoła –|mickiewicz
Ja z dziećmi pójdę ku miastu”.|mickiewicz
Idzie... aż zbójcy obskoczą dokoła,|mickiewicz
A zbójców było dwunastu.|mickiewicz
Brody ich długie, kręcone wąsiska,|mickiewicz
Wzrok dziki, suknia plugawa;|mickiewicz
Noże za pasem, miecz u boku błyska,|mickiewicz
W ręku ogromna buława.|mickiewicz
Krzyknęły dziatki, do ojca przypadły,|mickiewicz
Tulą się pod płaszcz na łonie;|mickiewicz
Truchleją sługi, struchlał pan wybladły,|mickiewicz
Drżące ku zbójcom wzniosł dłonie.|mickiewicz
„Ach, bierzcie wozy, ach, bierzcie dostatek,|mickiewicz
Tylko puszczajcie nas zdrowo,|mickiewicz
Nie róbcie małych sierotami dziatek|mickiewicz
I młodej małżonki wdową”.|mickiewicz
Nie słucha zgraja, ten już wóz wyprzęga,|mickiewicz
Zabiera konie, a drugi|mickiewicz
„Pieniędzy!” – krzyczy i buławą sięga,|mickiewicz
Ów z mieczem wpada na sługi.|mickiewicz
Wtem: „Stójcie, stójcie!” – krzyknie starszy zbójca|mickiewicz
I spędza bandę precz z drogi,|mickiewicz
A wypuściwszy i dzieci, i ojca,|mickiewicz
„Idźcie – rzekł – dalej bez trwogi”.|mickiewicz
Kupiec dziękuje, a zbójca odpowie:|mickiewicz
„Nie dziękuj, wyznam ci szczerze,|mickiewicz
Pierwszy bym pałkę strzaskał na twej głowie,|mickiewicz
Gdyby nie dziatek pacierze.|mickiewicz
Dziatki sprawiły, że uchodzisz cało,|mickiewicz
Darzą cię życiem i zdrowiem;|mickiewicz
Im więc podziękuj za to, co się stało,|mickiewicz
A jak się stało, opowiem.|mickiewicz
Z dawna już słysząc o przejeździe kupca,|mickiewicz
I ja, i moje kamraty,|mickiewicz
Tutaj za miastem, przy wzgórku u słupca|mickiewicz
Zasiadaliśmy na czaty.|mickiewicz
Dzisiaj nadchodzę, patrzę między chrusty,|mickiewicz
Modlą się dziatki do Boga,|mickiewicz
Słucham, z początku porwał mię śmiech pusty,|mickiewicz
A potem litość i trwoga.|mickiewicz
Słucham, ojczyste przyszły na myśl strony,|mickiewicz
Buława upadła z ręki;|mickiewicz
Ach! ja mam żonę, i u mojej żony|mickiewicz
Jest synek taki maleńki.|mickiewicz
Kupcze! jedź w miasto, ja do lasu muszę;|mickiewicz
Wy, dziatki, na ten pagórek|mickiewicz
Biegajcie sobie, i za moję duszę|mickiewicz
Zmówcie też czasem paciórek”.|mickiewicz
Dziś gdy chce ruszać światy|mickiewicz
Jego Newtońska Mość,|mickiewicz
Niechaj policzy braty|mickiewicz
I niechaj powie: dość.|mickiewicz
Cyrkla, wagi i miary|mickiewicz
Do martwych użyj brył;|mickiewicz
Mierz siłę na zamiary,|mickiewicz
Nie zamiar podług sił.|mickiewicz
Bo gdzie się serca palą,|mickiewicz
Cyrklem uniesień duch,|mickiewicz
Dobro powszechne skalą,|mickiewicz
Jedność większa od dwóch.|mickiewicz
Hej, użyjmy żywota!|mickiewicz
Wszak żyjem tylko raz;|mickiewicz
Tu stoi czara złota,|mickiewicz
A wnet przeminie czas.|mickiewicz
Krew stygnie, włos się bieli,|mickiewicz
W wieczności wpadniem toń;|mickiewicz
To oko zamknie Feli,|mickiewicz
To filarecka dłoń.|mickiewicz
